Well,Fluor,Target,Sample,Rep,Cq
A01,FAM,,'01-08,1,45
A02,FAM,,'01-08,2,45
A03,FAM,,'01-16,1,45
A04,FAM,,'01-16,2,45
A05,FAM,,'01-24,1,45
A06,FAM,,'01-24,2,45
A07,FAM,,'01-32,1,45
A08,FAM,,'01-32,2,39.85293883
A09,FAM,,'01-40,1,45
A10,FAM,,'01-40,2,45
A11,FAM,,'01-48,1,45
A12,FAM,,'01-48,2,45
B01,FAM,,'01-07,1,45
B02,FAM,,'01-07,2,45
B03,FAM,,'01-15,1,37.19509872
B04,FAM,,'01-15,2,36.41993704
B05,FAM,,'01-23,1,45
B06,FAM,,'01-23,2,45
B07,FAM,,'01-31,1,45
B08,FAM,,'01-31,2,45
B09,FAM,,'01-39,1,45
B10,FAM,,'01-39,2,45
B11,FAM,,'01-47,1,45
B12,FAM,,'01-47,2,45
C01,FAM,,'01-06,1,33.05968777
C02,FAM,,'01-06,2,33.03736642
C03,FAM,,'01-14,1,38.21088014
C04,FAM,,'01-14,2,39.60191824
C05,FAM,,'01-22,1,45
C06,FAM,,'01-22,2,45
C07,FAM,,'01-30,1,36.13789424
C08,FAM,,'01-30,2,36.02191339
C09,FAM,,'01-38,1,45
C10,FAM,,'01-38,2,45
C11,FAM,,'01-46,1,45
C12,FAM,,'01-46,2,45
D01,FAM,,'01-05,1,35.35159752
D02,FAM,,'01-05,2,34.62394382
D03,FAM,,'01-13,1,36.91124668
D04,FAM,,'01-13,2,45
D05,FAM,,'01-21,1,45
D06,FAM,,'01-21,2,45
D07,FAM,,'01-29,1,34.07265705
D08,FAM,,'01-29,2,33.84105913
D09,FAM,,'01-37,1,45
D10,FAM,,'01-37,2,45
D11,FAM,,'01-45,1,45
D12,FAM,,'01-45,2,45
E01,FAM,,'01-04,1,38.29025083
E02,FAM,,'01-04,2,45
E03,FAM,,'01-12,1,45
E04,FAM,,'01-12,2,45
E05,FAM,,'01-20,1,37.88627627
E06,FAM,,'01-20,2,37.42972744
E07,FAM,,'01-28,1,45
E08,FAM,,'01-28,2,45
E09,FAM,,'01-36,1,45
E10,FAM,,'01-36,2,45
E11,FAM,,'01-44,1,45
E12,FAM,,'01-44,2,45
F01,FAM,,'01-03,1,45
F02,FAM,,'01-03,2,45
F03,FAM,,'01-11,1,45
F04,FAM,,'01-11,2,45
F05,FAM,,'01-19,1,45
F06,FAM,,'01-19,2,45
F07,FAM,,'01-27,1,45
F08,FAM,,'01-27,2,45
F09,FAM,,'01-35,1,45
F10,FAM,,'01-35,2,45
F11,FAM,,'01-43,1,39.0555209
F12,FAM,,'01-43,2,39.28775968
G01,FAM,,"Bd+FV3 10_9,9",1,8.018685375
G02,FAM,,"Bd+FV3 10_8,8",1,12.01164149
G03,FAM,,"Bd+FV3 10_7,7",1,16.01120366
G04,FAM,,"Bd+FV3 10_6,6",1,18.34242395
G05,FAM,,"Bd+FV3 10_5,5",1,22.2696038
G06,FAM,,"Bd+FV3 10_4,4",1,26.15425064
G07,FAM,,"Bd+FV3 10_3,3",1,29.29233408
G08,FAM,,"Bd+FV3 10_2,2",1,32.96351001
G09,FAM,,"Bd+FV3 10_1,1",1,37.09557035
G10,FAM,,"Bd+FV3 10_0,0",1,45
G11,FAM,,NTC,1,45
G12,FAM,,Blank,1,45
H01,FAM,,"Bd+FV3 10_9,9",2,8.052592528
H02,FAM,,"Bd+FV3 10_8,8",2,12.35286381
H03,FAM,,"Bd+FV3 10_7,7",2,16.30463619
H04,FAM,,"Bd+FV3 10_6,6",2,19.98979908
H05,FAM,,"Bd+FV3 10_5,5",2,23.56007821
H06,FAM,,"Bd+FV3 10_4,4",2,26.54115286
H07,FAM,,"Bd+FV3 10_3,3",2,30.03022335
H08,FAM,,"Bd+FV3 10_2,2",2,33.31353644
H09,FAM,,"Bd+FV3 10_1,1",2,36.73243016
H10,FAM,,"Bd+FV3 10_0,0",2,45
H11,FAM,,NTC,2,45
H12,FAM,,Blank,2,45
A01,HEX,,'01-08,1,45
A02,HEX,,'01-08,2,45
A03,HEX,,'01-16,1,45
A04,HEX,,'01-16,2,45
A05,HEX,,'01-24,1,45
A06,HEX,,'01-24,2,45
A07,HEX,,'01-32,1,45
A08,HEX,,'01-32,2,45
A09,HEX,,'01-40,1,45
A10,HEX,,'01-40,2,45
A11,HEX,,'01-48,1,45
A12,HEX,,'01-48,2,45
B01,HEX,,'01-07,1,45
B02,HEX,,'01-07,2,45
B03,HEX,,'01-15,1,45
B04,HEX,,'01-15,2,45
B05,HEX,,'01-23,1,45
B06,HEX,,'01-23,2,45
B07,HEX,,'01-31,1,45
B08,HEX,,'01-31,2,45
B09,HEX,,'01-39,1,45
B10,HEX,,'01-39,2,45
B11,HEX,,'01-47,1,45
B12,HEX,,'01-47,2,45
C01,HEX,,'01-06,1,45
C02,HEX,,'01-06,2,45
C03,HEX,,'01-14,1,45
C04,HEX,,'01-14,2,45
C05,HEX,,'01-22,1,45
C06,HEX,,'01-22,2,45
C07,HEX,,'01-30,1,45
C08,HEX,,'01-30,2,45
C09,HEX,,'01-38,1,45
C10,HEX,,'01-38,2,45
C11,HEX,,'01-46,1,45
C12,HEX,,'01-46,2,45
D01,HEX,,'01-05,1,45
D02,HEX,,'01-05,2,45
D03,HEX,,'01-13,1,45
D04,HEX,,'01-13,2,45
D05,HEX,,'01-21,1,45
D06,HEX,,'01-21,2,45
D07,HEX,,'01-29,1,45
D08,HEX,,'01-29,2,45
D09,HEX,,'01-37,1,45
D10,HEX,,'01-37,2,45
D11,HEX,,'01-45,1,45
D12,HEX,,'01-45,2,45
E01,HEX,,'01-04,1,45
E02,HEX,,'01-04,2,45
E03,HEX,,'01-12,1,45
E04,HEX,,'01-12,2,45
E05,HEX,,'01-20,1,45
E06,HEX,,'01-20,2,45
E07,HEX,,'01-28,1,45
E08,HEX,,'01-28,2,45
E09,HEX,,'01-36,1,45
E10,HEX,,'01-36,2,45
E11,HEX,,'01-44,1,45
E12,HEX,,'01-44,2,45
F01,HEX,,'01-03,1,45
F02,HEX,,'01-03,2,45
F03,HEX,,'01-11,1,45
F04,HEX,,'01-11,2,45
F05,HEX,,'01-19,1,45
F06,HEX,,'01-19,2,45
F07,HEX,,'01-27,1,45
F08,HEX,,'01-27,2,45
F09,HEX,,'01-35,1,45
F10,HEX,,'01-35,2,45
F11,HEX,,'01-43,1,45
F12,HEX,,'01-43,2,45
G01,HEX,,"Bd+FV3 10_9,9",1,8.899582232
G02,HEX,,"Bd+FV3 10_8,8",1,12.85120227
G03,HEX,,"Bd+FV3 10_7,7",1,16.83693158
G04,HEX,,"Bd+FV3 10_6,6",1,19.09922151
G05,HEX,,"Bd+FV3 10_5,5",1,23.08255614
G06,HEX,,"Bd+FV3 10_4,4",1,26.86157283
G07,HEX,,"Bd+FV3 10_3,3",1,29.98330987
G08,HEX,,"Bd+FV3 10_2,2",1,33.48579569
G09,HEX,,"Bd+FV3 10_1,1",1,37.56696116
G10,HEX,,"Bd+FV3 10_0,0",1,45
G11,HEX,,NTC,1,45
G12,HEX,,Blank,1,45
H01,HEX,,"Bd+FV3 10_9,9",2,8.968418022
H02,HEX,,"Bd+FV3 10_8,8",2,13.20204893
H03,HEX,,"Bd+FV3 10_7,7",2,17.16097088
H04,HEX,,"Bd+FV3 10_6,6",2,20.63403963
H05,HEX,,"Bd+FV3 10_5,5",2,24.28000118
H06,HEX,,"Bd+FV3 10_4,4",2,27.24999658
H07,HEX,,"Bd+FV3 10_3,3",2,30.59627471
H08,HEX,,"Bd+FV3 10_2,2",2,33.91622369
H09,HEX,,"Bd+FV3 10_1,1",2,37.10753125
H10,HEX,,"Bd+FV3 10_0,0",2,45
H11,HEX,,NTC,2,45
H12,HEX,,Blank,2,45
A01,FAM,,'01-56,1,45
A02,FAM,,'01-56,2,45
A03,FAM,,'01-64,1,45
A04,FAM,,'01-64,2,45
A05,FAM,,'01-72,1,45
A06,FAM,,'01-72,2,45
A07,FAM,,'01-80,1,45
A08,FAM,,'01-80,2,45
A09,FAM,,'02-07,1,45
A10,FAM,,'02-07,2,45
A11,FAM,,'02-15,1,45
A12,FAM,,'02-15,2,45
B01,FAM,,'01-55,1,45
B02,FAM,,'01-55,2,45
B03,FAM,,'01-63,1,45
B04,FAM,,'01-63,2,45
B05,FAM,,'01-71,1,38.25811748
B06,FAM,,'01-71,2,38.72122336
B07,FAM,,'01-79,1,45
B08,FAM,,'01-79,2,45
B09,FAM,,'02-06,1,45
B10,FAM,,'02-06,2,45
B11,FAM,,'02-14,1,33.80855883
B12,FAM,,'02-14,2,34.13500717
C01,FAM,,'01-54,1,45
C02,FAM,,'01-54,2,45
C03,FAM,,'01-62,1,45
C04,FAM,,'01-62,2,45
C05,FAM,,'01-70,1,45
C06,FAM,,'01-70,2,45
C07,FAM,,'01-78,1,45
C08,FAM,,'01-78,2,45
C09,FAM,,'02-05,1,45
C10,FAM,,'02-05,2,45
C11,FAM,,'02-13,1,45
C12,FAM,,'02-13,2,45
D01,FAM,,'01-53,1,45
D02,FAM,,'01-53,2,45
D03,FAM,,'01-61,1,45
D04,FAM,,'01-61,2,45
D05,FAM,,'01-69,1,45
D06,FAM,,'01-69,2,45
D07,FAM,,'01-77,1,45
D08,FAM,,'01-77,2,45
D09,FAM,,'02-04,1,45
D10,FAM,,'02-04,2,45
D11,FAM,,'02-12,1,45
D12,FAM,,'02-12,2,45
E01,FAM,,'01-52,1,45
E02,FAM,,'01-52,2,45
E03,FAM,,'01-60,1,45
E04,FAM,,'01-60,2,45
E05,FAM,,'01-68,1,45
E06,FAM,,'01-68,2,45
E07,FAM,,'01-76,1,45
E08,FAM,,'01-76,2,45
E09,FAM,,'02-03,1,45
E10,FAM,,'02-03,2,45
E11,FAM,,'02-11,1,45
E12,FAM,,'02-11,2,45
F01,FAM,,'01-51,1,45
F02,FAM,,'01-51,2,45
F03,FAM,,'01-59,1,45
F04,FAM,,'01-59,2,45
F05,FAM,,'01-67,1,45
F06,FAM,,'01-67,2,45
F07,FAM,,'01-75,1,45
F08,FAM,,'01-75,2,45
F09,FAM,,'02-02,1,45
F10,FAM,,'02-02,2,45
F11,FAM,,'02-10,1,45
F12,FAM,,'02-10,2,45
G01,FAM,,"Bd+FV3 10_9,9",1,7.787306291
G02,FAM,,"Bd+FV3 10_8,8",1,12.98250221
G03,FAM,,"Bd+FV3 10_7,7",1,17.26361626
G04,FAM,,"Bd+FV3 10_6,6",1,20.72306791
G05,FAM,,"Bd+FV3 10_5,5",1,29.06026324
G06,FAM,,"Bd+FV3 10_4,4",1,27.97931893
G07,FAM,,"Bd+FV3 10_3,3",1,31.09582663
G08,FAM,,"Bd+FV3 10_2,2",1,38.77208134
G09,FAM,,"Bd+FV3 10_1,1",1,38.28408408
G10,FAM,,"Bd+FV3 10_0,0",1,45
G11,FAM,,NTC,1,45
G12,FAM,,Blank,1,45
H01,FAM,,"Bd+FV3 10_9,9",2,7.459066043
H02,FAM,,"Bd+FV3 10_8,8",2,12.62236499
H03,FAM,,"Bd+FV3 10_7,7",2,17.06673114
H04,FAM,,"Bd+FV3 10_6,6",2,20.89609098
H05,FAM,,"Bd+FV3 10_5,5",2,23.93296755
H06,FAM,,"Bd+FV3 10_4,4",2,27.8958748
H07,FAM,,"Bd+FV3 10_3,3",2,30.86200602
H08,FAM,,"Bd+FV3 10_2,2",2,34.39607415
H09,FAM,,"Bd+FV3 10_1,1",2,45
H10,FAM,,"Bd+FV3 10_0,0",2,45
H11,FAM,,NTC,2,45
H12,FAM,,Blank,2,45
A01,HEX,,'01-56,1,45
A02,HEX,,'01-56,2,45
A03,HEX,,'01-64,1,45
A04,HEX,,'01-64,2,45
A05,HEX,,'01-72,1,45
A06,HEX,,'01-72,2,45
A07,HEX,,'01-80,1,45
A08,HEX,,'01-80,2,45
A09,HEX,,'02-07,1,45
A10,HEX,,'02-07,2,45
A11,HEX,,'02-15,1,45
A12,HEX,,'02-15,2,45
B01,HEX,,'01-55,1,45
B02,HEX,,'01-55,2,45
B03,HEX,,'01-63,1,45
B04,HEX,,'01-63,2,45
B05,HEX,,'01-71,1,45
B06,HEX,,'01-71,2,45
B07,HEX,,'01-79,1,45
B08,HEX,,'01-79,2,45
B09,HEX,,'02-06,1,45
B10,HEX,,'02-06,2,45
B11,HEX,,'02-14,1,45
B12,HEX,,'02-14,2,45
C01,HEX,,'01-54,1,45
C02,HEX,,'01-54,2,45
C03,HEX,,'01-62,1,45
C04,HEX,,'01-62,2,45
C05,HEX,,'01-70,1,45
C06,HEX,,'01-70,2,45
C07,HEX,,'01-78,1,45
C08,HEX,,'01-78,2,45
C09,HEX,,'02-05,1,45
C10,HEX,,'02-05,2,45
C11,HEX,,'02-13,1,45
C12,HEX,,'02-13,2,45
D01,HEX,,'01-53,1,45
D02,HEX,,'01-53,2,45
D03,HEX,,'01-61,1,45
D04,HEX,,'01-61,2,45
D05,HEX,,'01-69,1,45
D06,HEX,,'01-69,2,45
D07,HEX,,'01-77,1,45
D08,HEX,,'01-77,2,45
D09,HEX,,'02-04,1,45
D10,HEX,,'02-04,2,45
D11,HEX,,'02-12,1,31.95459716
D12,HEX,,'02-12,2,32.04513037
E01,HEX,,'01-52,1,45
E02,HEX,,'01-52,2,45
E03,HEX,,'01-60,1,45
E04,HEX,,'01-60,2,45
E05,HEX,,'01-68,1,45
E06,HEX,,'01-68,2,45
E07,HEX,,'01-76,1,45
E08,HEX,,'01-76,2,45
E09,HEX,,'02-03,1,45
E10,HEX,,'02-03,2,45
E11,HEX,,'02-11,1,45
E12,HEX,,'02-11,2,45
F01,HEX,,'01-51,1,45
F02,HEX,,'01-51,2,45
F03,HEX,,'01-59,1,45
F04,HEX,,'01-59,2,45
F05,HEX,,'01-67,1,45
F06,HEX,,'01-67,2,45
F07,HEX,,'01-75,1,45
F08,HEX,,'01-75,2,45
F09,HEX,,'02-02,1,45
F10,HEX,,'02-02,2,45
F11,HEX,,'02-10,1,45
F12,HEX,,'02-10,2,45
G01,HEX,,"Bd+FV3 10_9,9",1,8.835809919
G02,HEX,,"Bd+FV3 10_8,8",1,13.76828314
G03,HEX,,"Bd+FV3 10_7,7",1,18.14819543
G04,HEX,,"Bd+FV3 10_6,6",1,21.50284038
G05,HEX,,"Bd+FV3 10_5,5",1,29.40388011
G06,HEX,,"Bd+FV3 10_4,4",1,28.64749148
G07,HEX,,"Bd+FV3 10_3,3",1,31.80086724
G08,HEX,,"Bd+FV3 10_2,2",1,39.06463881
G09,HEX,,"Bd+FV3 10_1,1",1,38.68671003
G10,HEX,,"Bd+FV3 10_0,0",1,45
G11,HEX,,NTC,1,45
G12,HEX,,Blank,1,45
H01,HEX,,"Bd+FV3 10_9,9",2,45
H02,HEX,,"Bd+FV3 10_8,8",2,19.16553619
H03,HEX,,"Bd+FV3 10_7,7",2,24.73211513
H04,HEX,,"Bd+FV3 10_6,6",2,21.70816919
H05,HEX,,"Bd+FV3 10_5,5",2,24.65898118
H06,HEX,,"Bd+FV3 10_4,4",2,28.65554306
H07,HEX,,"Bd+FV3 10_3,3",2,35.5211224
H08,HEX,,"Bd+FV3 10_2,2",2,37.39205657
H09,HEX,,"Bd+FV3 10_1,1",2,32.52539862
H10,HEX,,"Bd+FV3 10_0,0",2,45
H11,HEX,,NTC,2,45
H12,HEX,,Blank,2,45
A01,FAM,,'01-02,1,45
A02,FAM,,'01-02,2,45
A03,FAM,,'01-10,1,45
A04,FAM,,'01-10,2,45
A05,FAM,,'01-18,1,45
A06,FAM,,'01-18,2,45
A07,FAM,,'01-26,1,45
A08,FAM,,'01-26,2,45
A09,FAM,,'01-34,1,45
A10,FAM,,'01-34,2,45
A11,FAM,,'01-42,1,39.16943244
A12,FAM,,'01-42,2,39.0460183
B01,FAM,,'01-01,1,45
B02,FAM,,'01-01,2,45
B03,FAM,,'01-09,1,45
B04,FAM,,'01-09,2,45
B05,FAM,,'01-17,1,39.35400933
B06,FAM,,'01-17,2,45
B07,FAM,,'01-25,1,37.0628092
B08,FAM,,'01-25,2,37.13738142
B09,FAM,,'01-33,1,36.62755463
B10,FAM,,'01-33,2,35.57625521
B11,FAM,,'01-41,1,38.41594722
B12,FAM,,'01-41,2,38.63760682
C01,FAM,,'01-50,1,45
C02,FAM,,'01-50,2,45
C03,FAM,,'01-58,1,45
C04,FAM,,'01-58,2,45
C05,FAM,,'01-66,1,45
C06,FAM,,'01-66,2,45
C07,FAM,,'01-74,1,45
C08,FAM,,'01-74,2,45
C09,FAM,,'02-01,1,45
C10,FAM,,'02-01,2,45
C11,FAM,,'02-09,1,45
C12,FAM,,'02-09,2,45
D01,FAM,,'01-49,1,45
D02,FAM,,'01-49,2,45
D03,FAM,,'01-57,1,45
D04,FAM,,'01-57,2,45
D05,FAM,,'01-65,1,45
D06,FAM,,'01-65,2,45
D07,FAM,,'01-73,1,45
D08,FAM,,'01-73,2,45
D09,FAM,,'01-81,1,45
D10,FAM,,'01-81,2,45
D11,FAM,,'02-08,1,45
D12,FAM,,'02-08,2,45
E01,FAM,,'02-17,1,37.22956627
E02,FAM,,'02-17,2,37.13986368
E03,FAM,,'02-25,1,45
E04,FAM,,'02-25,2,45
E05,FAM,,'02-33,1,45
E06,FAM,,'02-33,2,45
E07,FAM,,'02-41,1,45
E08,FAM,,'02-41,2,45
E09,FAM,,'02-49,1,45
E10,FAM,,'02-49,2,45
E11,FAM,,'02-57,1,45
E12,FAM,,'02-57,2,45
F01,FAM,,'02-16,1,45
F02,FAM,,'02-16,2,45
F03,FAM,,'02-24,1,45
F04,FAM,,'02-24,2,45
F05,FAM,,'02-32,1,45
F06,FAM,,'02-32,2,45
F07,FAM,,'02-40,1,45
F08,FAM,,'02-40,2,45
F09,FAM,,'02-48,1,45
F10,FAM,,'02-48,2,45
F11,FAM,,'02-56,1,45
F12,FAM,,'02-56,2,45
G01,FAM,,"Bd+FV3 10_9,9",1,7.952218175
G02,FAM,,"Bd+FV3 10_8,8",1,12.76142315
G03,FAM,,"Bd+FV3 10_7,7",1,16.73765556
G04,FAM,,"Bd+FV3 10_6,6",1,20.4818495
G05,FAM,,"Bd+FV3 10_5,5",1,23.7869688
G06,FAM,,"Bd+FV3 10_4,4",1,27.21786582
G07,FAM,,"Bd+FV3 10_3,3",1,30.67348211
G08,FAM,,"Bd+FV3 10_2,2",1,34.4465439
G09,FAM,,"Bd+FV3 10_1,1",1,37.03638399
G10,FAM,,"Bd+FV3 10_0,0",1,45
G11,FAM,,NTC,1,45
G12,FAM,,Blank,1,45
H01,FAM,,"Bd+FV3 10_9,9",2,8.605671275
H02,FAM,,"Bd+FV3 10_8,8",2,12.31442453
H03,FAM,,"Bd+FV3 10_7,7",2,16.64785887
H04,FAM,,"Bd+FV3 10_6,6",2,20.54274385
H05,FAM,,"Bd+FV3 10_5,5",2,23.70102578
H06,FAM,,"Bd+FV3 10_4,4",2,27.55263841
H07,FAM,,"Bd+FV3 10_3,3",2,30.88460996
H08,FAM,,"Bd+FV3 10_2,2",2,34.25975002
H09,FAM,,"Bd+FV3 10_1,1",2,37.24188084
H10,FAM,,"Bd+FV3 10_0,0",2,45
H11,FAM,,NTC,2,45
H12,FAM,,Blank,2,45
A01,HEX,,'01-02,1,45
A02,HEX,,'01-02,2,45
A03,HEX,,'01-10,1,45
A04,HEX,,'01-10,2,45
A05,HEX,,'01-18,1,45
A06,HEX,,'01-18,2,45
A07,HEX,,'01-26,1,45
A08,HEX,,'01-26,2,45
A09,HEX,,'01-34,1,45
A10,HEX,,'01-34,2,45
A11,HEX,,'01-42,1,45
A12,HEX,,'01-42,2,45
B01,HEX,,'01-01,1,45
B02,HEX,,'01-01,2,45
B03,HEX,,'01-09,1,45
B04,HEX,,'01-09,2,45
B05,HEX,,'01-17,1,45
B06,HEX,,'01-17,2,45
B07,HEX,,'01-25,1,45
B08,HEX,,'01-25,2,45
B09,HEX,,'01-33,1,45
B10,HEX,,'01-33,2,45
B11,HEX,,'01-41,1,45
B12,HEX,,'01-41,2,45
C01,HEX,,'01-50,1,45
C02,HEX,,'01-50,2,45
C03,HEX,,'01-58,1,45
C04,HEX,,'01-58,2,45
C05,HEX,,'01-66,1,45
C06,HEX,,'01-66,2,45
C07,HEX,,'01-74,1,45
C08,HEX,,'01-74,2,45
C09,HEX,,'02-01,1,45
C10,HEX,,'02-01,2,45
C11,HEX,,'02-09,1,45
C12,HEX,,'02-09,2,45
D01,HEX,,'01-49,1,45
D02,HEX,,'01-49,2,45
D03,HEX,,'01-57,1,45
D04,HEX,,'01-57,2,45
D05,HEX,,'01-65,1,45
D06,HEX,,'01-65,2,45
D07,HEX,,'01-73,1,45
D08,HEX,,'01-73,2,45
D09,HEX,,'01-81,1,45
D10,HEX,,'01-81,2,45
D11,HEX,,'02-08,1,45
D12,HEX,,'02-08,2,45
E01,HEX,,'02-17,1,45
E02,HEX,,'02-17,2,45
E03,HEX,,'02-25,1,45
E04,HEX,,'02-25,2,45
E05,HEX,,'02-33,1,45
E06,HEX,,'02-33,2,45
E07,HEX,,'02-41,1,45
E08,HEX,,'02-41,2,45
E09,HEX,,'02-49,1,45
E10,HEX,,'02-49,2,45
E11,HEX,,'02-57,1,45
E12,HEX,,'02-57,2,45
F01,HEX,,'02-16,1,45
F02,HEX,,'02-16,2,45
F03,HEX,,'02-24,1,45
F04,HEX,,'02-24,2,45
F05,HEX,,'02-32,1,45
F06,HEX,,'02-32,2,45
F07,HEX,,'02-40,1,45
F08,HEX,,'02-40,2,45
F09,HEX,,'02-48,1,45
F10,HEX,,'02-48,2,45
F11,HEX,,'02-56,1,45
F12,HEX,,'02-56,2,45
G01,HEX,,"Bd+FV3 10_9,9",1,8.224927156
G02,HEX,,"Bd+FV3 10_8,8",1,13.19299686
G03,HEX,,"Bd+FV3 10_7,7",1,17.17915177
G04,HEX,,"Bd+FV3 10_6,6",1,20.94553866
G05,HEX,,"Bd+FV3 10_5,5",1,24.08902088
G06,HEX,,"Bd+FV3 10_4,4",1,27.71246083
G07,HEX,,"Bd+FV3 10_3,3",1,30.96623303
G08,HEX,,"Bd+FV3 10_2,2",1,34.58297872
G09,HEX,,"Bd+FV3 10_1,1",1,37.28398777
G10,HEX,,"Bd+FV3 10_0,0",1,45
G11,HEX,,NTC,1,45
G12,HEX,,Blank,1,45
H01,HEX,,"Bd+FV3 10_9,9",2,7.58676962
H02,HEX,,"Bd+FV3 10_8,8",2,12.89078367
H03,HEX,,"Bd+FV3 10_7,7",2,17.1000581
H04,HEX,,"Bd+FV3 10_6,6",2,21.10456429
H05,HEX,,"Bd+FV3 10_5,5",2,24.13597927
H06,HEX,,"Bd+FV3 10_4,4",2,27.6552775
H07,HEX,,"Bd+FV3 10_3,3",2,31.13888638
H08,HEX,,"Bd+FV3 10_2,2",2,34.50697298
H09,HEX,,"Bd+FV3 10_1,1",2,37.23880656
H10,HEX,,"Bd+FV3 10_0,0",2,45
H11,HEX,,NTC,2,45
H12,HEX,,Blank,2,45
A01,FAM,,'02-23,1,36.08990221
A02,FAM,,'02-23,2,36.37814622
A03,FAM,,'02-31,1,37.27925117
A04,FAM,,'02-31,2,37.36282437
A05,FAM,,'02-39,1,45
A06,FAM,,'02-39,2,45
A07,FAM,,'02-47,1,45
A08,FAM,,'02-47,2,45
A09,FAM,,'02-55,1,41.02843368
A10,FAM,,'02-55,2,40.63887311
A11,FAM,,'02-63,1,45
A12,FAM,,'02-63,2,45
B01,FAM,,'02-22,1,45
B02,FAM,,'02-22,2,45
B03,FAM,,'02-30,1,39.61927575
B04,FAM,,'02-30,2,45
B05,FAM,,'02-38,1,45
B06,FAM,,'02-38,2,45
B07,FAM,,'02-46,1,45
B08,FAM,,'02-46,2,38.18538413
B09,FAM,,'02-54,1,45
B10,FAM,,'02-54,2,45
B11,FAM,,'02-62,1,45
B12,FAM,,'02-62,2,45
C01,FAM,,'02-21,1,40.67797255
C02,FAM,,'02-21,2,40.47661622
C03,FAM,,'02-29,1,45
C04,FAM,,'02-29,2,45
C05,FAM,,'02-37,1,45
C06,FAM,,'02-37,2,45
C07,FAM,,'02-45,1,45
C08,FAM,,'02-45,2,45
C09,FAM,,'02-53,1,45
C10,FAM,,'02-53,2,45
C11,FAM,,'02-61,1,40.55692515
C12,FAM,,'02-61,2,39.69958316
D01,FAM,,'02-20,1,45
D02,FAM,,'02-20,2,45
D03,FAM,,'02-28,1,45
D04,FAM,,'02-28,2,45
D05,FAM,,'02-36,1,45
D06,FAM,,'02-36,2,45
D07,FAM,,'02-44,1,45
D08,FAM,,'02-44,2,45
D09,FAM,,'02-52,1,45
D10,FAM,,'02-52,2,45
D11,FAM,,'02-60,1,45
D12,FAM,,'02-60,2,45
E01,FAM,,'02-19,1,45
E02,FAM,,'02-19,2,45
E03,FAM,,'02-27,1,45
E04,FAM,,'02-27,2,45
E05,FAM,,'02-35,1,45
E06,FAM,,'02-35,2,39.54576098
E07,FAM,,'02-43,1,40.65049861
E08,FAM,,'02-43,2,40.26391424
E09,FAM,,'02-51,1,41.17734432
E10,FAM,,'02-51,2,39.59543024
E11,FAM,,'02-59,1,45
E12,FAM,,'02-59,2,45
F01,FAM,,'02-18,1,45
F02,FAM,,'02-18,2,45
F03,FAM,,'02-26,1,45
F04,FAM,,'02-26,2,45
F05,FAM,,'02-34,1,45
F06,FAM,,'02-34,2,45
F07,FAM,,'02-42,1,45
F08,FAM,,'02-42,2,45
F09,FAM,,'02-50,1,45
F10,FAM,,'02-50,2,45
F11,FAM,,'02-58,1,39.55655263
F12,FAM,,'02-58,2,45
G01,FAM,,"Bd+FV3 10_9,9",1,8.593071918
G02,FAM,,"Bd+FV3 10_8,8",1,13.1867148
G03,FAM,,"Bd+FV3 10_7,7",1,17.51027063
G04,FAM,,"Bd+FV3 10_6,6",1,19.84550348
G05,FAM,,"Bd+FV3 10_5,5",1,24.50322045
G06,FAM,,"Bd+FV3 10_4,4",1,28.1546262
G07,FAM,,"Bd+FV3 10_3,3",1,31.07732107
G08,FAM,,"Bd+FV3 10_2,2",1,45
G09,FAM,,"Bd+FV3 10_1,1",1,39.08393124
G10,FAM,,"Bd+FV3 10_0,0",1,45
G11,FAM,,NTC,1,45
G12,FAM,,Blank,1,45
H01,FAM,,"Bd+FV3 10_9,9",2,8.34893445
H02,FAM,,"Bd+FV3 10_8,8",2,13.12464294
H03,FAM,,"Bd+FV3 10_7,7",2,17.22339679
H04,FAM,,"Bd+FV3 10_6,6",2,20.98432373
H05,FAM,,"Bd+FV3 10_5,5",2,24.47717123
H06,FAM,,"Bd+FV3 10_4,4",2,27.69714429
H07,FAM,,"Bd+FV3 10_3,3",2,31.05080237
H08,FAM,,"Bd+FV3 10_2,2",2,35.17736139
H09,FAM,,"Bd+FV3 10_1,1",2,37.59736836
H10,FAM,,"Bd+FV3 10_0,0",2,45
H11,FAM,,NTC,2,38.9814013
H12,FAM,,Blank,2,45
A01,HEX,,'02-23,1,45
A02,HEX,,'02-23,2,45
A03,HEX,,'02-31,1,45
A04,HEX,,'02-31,2,45
A05,HEX,,'02-39,1,45
A06,HEX,,'02-39,2,45
A07,HEX,,'02-47,1,45
A08,HEX,,'02-47,2,45
A09,HEX,,'02-55,1,45
A10,HEX,,'02-55,2,45
A11,HEX,,'02-63,1,45
A12,HEX,,'02-63,2,45
B01,HEX,,'02-22,1,45
B02,HEX,,'02-22,2,45
B03,HEX,,'02-30,1,45
B04,HEX,,'02-30,2,45
B05,HEX,,'02-38,1,45
B06,HEX,,'02-38,2,45
B07,HEX,,'02-46,1,45
B08,HEX,,'02-46,2,45
B09,HEX,,'02-54,1,45
B10,HEX,,'02-54,2,45
B11,HEX,,'02-62,1,45
B12,HEX,,'02-62,2,45
C01,HEX,,'02-21,1,45
C02,HEX,,'02-21,2,45
C03,HEX,,'02-29,1,45
C04,HEX,,'02-29,2,45
C05,HEX,,'02-37,1,45
C06,HEX,,'02-37,2,45
C07,HEX,,'02-45,1,45
C08,HEX,,'02-45,2,45
C09,HEX,,'02-53,1,45
C10,HEX,,'02-53,2,45
C11,HEX,,'02-61,1,45
C12,HEX,,'02-61,2,45
D01,HEX,,'02-20,1,45
D02,HEX,,'02-20,2,45
D03,HEX,,'02-28,1,45
D04,HEX,,'02-28,2,45
D05,HEX,,'02-36,1,45
D06,HEX,,'02-36,2,45
D07,HEX,,'02-44,1,45
D08,HEX,,'02-44,2,45
D09,HEX,,'02-52,1,45
D10,HEX,,'02-52,2,45
D11,HEX,,'02-60,1,45
D12,HEX,,'02-60,2,45
E01,HEX,,'02-19,1,45
E02,HEX,,'02-19,2,45
E03,HEX,,'02-27,1,45
E04,HEX,,'02-27,2,45
E05,HEX,,'02-35,1,45
E06,HEX,,'02-35,2,45
E07,HEX,,'02-43,1,45
E08,HEX,,'02-43,2,45
E09,HEX,,'02-51,1,45
E10,HEX,,'02-51,2,45
E11,HEX,,'02-59,1,45
E12,HEX,,'02-59,2,45
F01,HEX,,'02-18,1,45
F02,HEX,,'02-18,2,45
F03,HEX,,'02-26,1,45
F04,HEX,,'02-26,2,45
F05,HEX,,'02-34,1,41.34479073
F06,HEX,,'02-34,2,45
F07,HEX,,'02-42,1,45
F08,HEX,,'02-42,2,45
F09,HEX,,'02-50,1,45
F10,HEX,,'02-50,2,45
F11,HEX,,'02-58,1,45
F12,HEX,,'02-58,2,45
G01,HEX,,"Bd+FV3 10_9,9",1,8.998578616
G02,HEX,,"Bd+FV3 10_8,8",1,13.58714201
G03,HEX,,"Bd+FV3 10_7,7",1,17.84456555
G04,HEX,,"Bd+FV3 10_6,6",1,20.12887506
G05,HEX,,"Bd+FV3 10_5,5",1,24.82371079
G06,HEX,,"Bd+FV3 10_4,4",1,28.44566218
G07,HEX,,"Bd+FV3 10_3,3",1,31.197172
G08,HEX,,"Bd+FV3 10_2,2",1,45
G09,HEX,,"Bd+FV3 10_1,1",1,39.07664114
G10,HEX,,"Bd+FV3 10_0,0",1,45
G11,HEX,,NTC,1,45
G12,HEX,,Blank,1,45
H01,HEX,,"Bd+FV3 10_9,9",2,8.740800643
H02,HEX,,"Bd+FV3 10_8,8",2,13.44396788
H03,HEX,,"Bd+FV3 10_7,7",2,17.62575851
H04,HEX,,"Bd+FV3 10_6,6",2,21.25432779
H05,HEX,,"Bd+FV3 10_5,5",2,24.76434332
H06,HEX,,"Bd+FV3 10_4,4",2,28.04891934
H07,HEX,,"Bd+FV3 10_3,3",2,31.31571446
H08,HEX,,"Bd+FV3 10_2,2",2,35.33959609
H09,HEX,,"Bd+FV3 10_1,1",2,36.7283201
H10,HEX,,"Bd+FV3 10_0,0",2,45
H11,HEX,,NTC,2,39.89872396
H12,HEX,,Blank,2,45
A01,FAM,,'02-71,1,39.65657136
A02,FAM,,'02-71,2,37.53474973
A03,FAM,,'02-79,1,45
A04,FAM,,'02-79,2,45
A05,FAM,,'03-06,1,45
A06,FAM,,'03-06,2,45
A07,FAM,,'03-14,1,45
A08,FAM,,'03-14,2,45
A09,FAM,,'03-22,1,45
A10,FAM,,'03-22,2,45
A11,FAM,,'03-30,1,40.46608765
A12,FAM,,'03-30,2,45
B01,FAM,,'02-70,1,45
B02,FAM,,'02-70,2,45
B03,FAM,,'02-78,1,45
B04,FAM,,'02-78,2,45
B05,FAM,,'03-05,1,45
B06,FAM,,'03-05,2,40.25181296
B07,FAM,,'03-13,1,40.10274921
B08,FAM,,'03-13,2,40.00796545
B09,FAM,,'03-21,1,45
B10,FAM,,'03-21,2,45
B11,FAM,,'03-29,1,45
B12,FAM,,'03-29,2,45
C01,FAM,,'02-69,1,45
C02,FAM,,'02-69,2,45
C03,FAM,,'02-77,1,45
C04,FAM,,'02-77,2,45
C05,FAM,,'03-04,1,45
C06,FAM,,'03-04,2,45
C07,FAM,,'03-12,1,40.43954915
C08,FAM,,'03-12,2,44.12220537
C09,FAM,,'03-20,1,45
C10,FAM,,'03-20,2,40.61025038
C11,FAM,,'03-28,1,40.22880694
C12,FAM,,'03-28,2,45
D01,FAM,,'02-68,1,40.06242388
D02,FAM,,'02-68,2,39.01799743
D03,FAM,,'02-76,1,37.8117444
D04,FAM,,'02-76,2,39.11263893
D05,FAM,,'03-03,1,45
D06,FAM,,'03-03,2,45
D07,FAM,,'03-11,1,45
D08,FAM,,'03-11,2,40.10079998
D09,FAM,,'03-19,1,36.99024983
D10,FAM,,'03-19,2,36.25893663
D11,FAM,,'03-27,1,45
D12,FAM,,'03-27,2,45
E01,FAM,,'02-67,1,45
E02,FAM,,'02-67,2,45
E03,FAM,,'02-75,1,45
E04,FAM,,'02-75,2,45
E05,FAM,,'03-02,1,45
E06,FAM,,'03-02,2,45
E07,FAM,,'03-10,1,36.60674586
E08,FAM,,'03-10,2,36.26472357
E09,FAM,,'03-18,1,45
E10,FAM,,'03-18,2,45
E11,FAM,,'03-26,1,45
E12,FAM,,'03-26,2,45
F01,FAM,,'02-66,1,40.11085371
F02,FAM,,'02-66,2,42.12533041
F03,FAM,,'02-74,1,45
F04,FAM,,'02-74,2,45
F05,FAM,,'03-01,1,40.08785675
F06,FAM,,'03-01,2,38.19574754
F07,FAM,,'03-09,1,45
F08,FAM,,'03-09,2,45
F09,FAM,,'03-17,1,45
F10,FAM,,'03-17,2,42.29414716
F11,FAM,,'03-25,1,37.4804312
F12,FAM,,'03-25,2,38.32765023
G01,FAM,,"Bd+FV3 10_9,9",1,8.151888645
G02,FAM,,"Bd+FV3 10_8,8",1,12.46831386
G03,FAM,,"Bd+FV3 10_7,7",1,16.4895603
G04,FAM,,"Bd+FV3 10_6,6",1,19.80154858
G05,FAM,,"Bd+FV3 10_5,5",1,23.20788746
G06,FAM,,"Bd+FV3 10_4,4",1,26.83501272
G07,FAM,,"Bd+FV3 10_3,3",1,30.28723518
G08,FAM,,"Bd+FV3 10_2,2",1,33.94584382
G09,FAM,,"Bd+FV3 10_1,1",1,34.51949331
G10,FAM,,"Bd+FV3 10_0,0",1,45
G11,FAM,,NTC,1,45
G12,FAM,,Blank,1,45
H01,FAM,,"Bd+FV3 10_9,9",2,7.955878717
H02,FAM,,"Bd+FV3 10_8,8",2,12.70023428
H03,FAM,,"Bd+FV3 10_7,7",2,16.67138089
H04,FAM,,"Bd+FV3 10_6,6",2,20.81922958
H05,FAM,,"Bd+FV3 10_5,5",2,24.11115552
H06,FAM,,"Bd+FV3 10_4,4",2,27.50009966
H07,FAM,,"Bd+FV3 10_3,3",2,30.81330341
H08,FAM,,"Bd+FV3 10_2,2",2,34.50948658
H09,FAM,,"Bd+FV3 10_1,1",2,35.22149564
H10,FAM,,"Bd+FV3 10_0,0",2,45
H11,FAM,,NTC,2,45
H12,FAM,,Blank,2,45
A01,HEX,,'02-71,1,45
A02,HEX,,'02-71,2,45
A03,HEX,,'02-79,1,45
A04,HEX,,'02-79,2,45
A05,HEX,,'03-06,1,45
A06,HEX,,'03-06,2,45
A07,HEX,,'03-14,1,45
A08,HEX,,'03-14,2,45
A09,HEX,,'03-22,1,45
A10,HEX,,'03-22,2,45
A11,HEX,,'03-30,1,45
A12,HEX,,'03-30,2,45
B01,HEX,,'02-70,1,45
B02,HEX,,'02-70,2,45
B03,HEX,,'02-78,1,45
B04,HEX,,'02-78,2,45
B05,HEX,,'03-05,1,45
B06,HEX,,'03-05,2,45
B07,HEX,,'03-13,1,45
B08,HEX,,'03-13,2,45
B09,HEX,,'03-21,1,45
B10,HEX,,'03-21,2,45
B11,HEX,,'03-29,1,45
B12,HEX,,'03-29,2,45
C01,HEX,,'02-69,1,45
C02,HEX,,'02-69,2,45
C03,HEX,,'02-77,1,45
C04,HEX,,'02-77,2,45
C05,HEX,,'03-04,1,45
C06,HEX,,'03-04,2,45
C07,HEX,,'03-12,1,45
C08,HEX,,'03-12,2,45
C09,HEX,,'03-20,1,45
C10,HEX,,'03-20,2,45
C11,HEX,,'03-28,1,23.22155234
C12,HEX,,'03-28,2,23.18355626
D01,HEX,,'02-68,1,45
D02,HEX,,'02-68,2,45
D03,HEX,,'02-76,1,45
D04,HEX,,'02-76,2,45
D05,HEX,,'03-03,1,45
D06,HEX,,'03-03,2,45
D07,HEX,,'03-11,1,45
D08,HEX,,'03-11,2,45
D09,HEX,,'03-19,1,45
D10,HEX,,'03-19,2,45
D11,HEX,,'03-27,1,45
D12,HEX,,'03-27,2,45
E01,HEX,,'02-67,1,45
E02,HEX,,'02-67,2,45
E03,HEX,,'02-75,1,45
E04,HEX,,'02-75,2,45
E05,HEX,,'03-02,1,45
E06,HEX,,'03-02,2,45
E07,HEX,,'03-10,1,45
E08,HEX,,'03-10,2,45
E09,HEX,,'03-18,1,45
E10,HEX,,'03-18,2,45
E11,HEX,,'03-26,1,45
E12,HEX,,'03-26,2,45
F01,HEX,,'02-66,1,45
F02,HEX,,'02-66,2,45
F03,HEX,,'02-74,1,45
F04,HEX,,'02-74,2,45
F05,HEX,,'03-01,1,45
F06,HEX,,'03-01,2,45
F07,HEX,,'03-09,1,45
F08,HEX,,'03-09,2,45
F09,HEX,,'03-17,1,45
F10,HEX,,'03-17,2,45
F11,HEX,,'03-25,1,45
F12,HEX,,'03-25,2,45
G01,HEX,,"Bd+FV3 10_9,9",1,9.318371123
G02,HEX,,"Bd+FV3 10_8,8",1,13.49282831
G03,HEX,,"Bd+FV3 10_7,7",1,17.46375205
G04,HEX,,"Bd+FV3 10_6,6",1,20.78905274
G05,HEX,,"Bd+FV3 10_5,5",1,24.1140627
G06,HEX,,"Bd+FV3 10_4,4",1,27.78981188
G07,HEX,,"Bd+FV3 10_3,3",1,31.11416022
G08,HEX,,"Bd+FV3 10_2,2",1,34.64058001
G09,HEX,,"Bd+FV3 10_1,1",1,35.34259273
G10,HEX,,"Bd+FV3 10_0,0",1,45
G11,HEX,,NTC,1,45
G12,HEX,,Blank,1,45
H01,HEX,,"Bd+FV3 10_9,9",2,9.313462335
H02,HEX,,"Bd+FV3 10_8,8",2,13.61253978
H03,HEX,,"Bd+FV3 10_7,7",2,17.68476067
H04,HEX,,"Bd+FV3 10_6,6",2,21.74786989
H05,HEX,,"Bd+FV3 10_5,5",2,25.08186289
H06,HEX,,"Bd+FV3 10_4,4",2,28.40905806
H07,HEX,,"Bd+FV3 10_3,3",2,31.64795726
H08,HEX,,"Bd+FV3 10_2,2",2,35.25749621
H09,HEX,,"Bd+FV3 10_1,1",2,36.02546988
H10,HEX,,"Bd+FV3 10_0,0",2,45
H11,HEX,,NTC,2,45
H12,HEX,,Blank,2,45
A01,FAM,,'02-65,1,45
A02,FAM,,'02-65,2,45
A03,FAM,,'02-73,1,41.04376891
A04,FAM,,'02-73,2,40.88736953
A05,FAM,,'02-81,1,45
A06,FAM,,'02-81,2,45
A07,FAM,,'03-08,1,45
A08,FAM,,'03-08,2,45
A09,FAM,,'03-16,1,45
A10,FAM,,'03-16,2,45
A11,FAM,,'03-24,1,45
A12,FAM,,'03-24,2,45
B01,FAM,,'02-64,1,43.47487771
B02,FAM,,'02-64,2,43.40704575
B03,FAM,,'02-72,1,38.32797854
B04,FAM,,'02-72,2,38.55258468
B05,FAM,,'02-80,1,45
B06,FAM,,'02-80,2,45
B07,FAM,,'03-07,1,45
B08,FAM,,'03-07,2,45
B09,FAM,,'03-15,1,45
B10,FAM,,'03-15,2,45
B11,FAM,,'03-23,1,45
B12,FAM,,'03-23,2,45
C01,FAM,,'03-38,1,45
C02,FAM,,'03-38,2,45
C03,FAM,,'03-46,1,45
C04,FAM,,'03-46,2,45
C05,FAM,,'03-54,1,44.91581378
C06,FAM,,'03-54,2,45
C07,FAM,,'03-62,1,7.02801625
C08,FAM,,'03-62,2,45
C09,FAM,,'03-70,1,45
C10,FAM,,'03-70,2,45
C11,FAM,,'03-78,1,45
C12,FAM,,'03-78,2,45
D01,FAM,,'03-37,1,45
D02,FAM,,'03-37,2,45
D03,FAM,,'03-45,1,45
D04,FAM,,'03-45,2,45
D05,FAM,,'03-53,1,45
D06,FAM,,'03-53,2,45
D07,FAM,,'03-61,1,45
D08,FAM,,'03-61,2,45
D09,FAM,,'03-69,1,45
D10,FAM,,'03-69,2,45
D11,FAM,,'03-77,1,45
D12,FAM,,'03-77,2,45
E01,FAM,,'03-36,1,45
E02,FAM,,'03-36,2,45
E03,FAM,,'03-44,1,45
E04,FAM,,'03-44,2,45
E05,FAM,,'03-52,1,45
E06,FAM,,'03-52,2,45
E07,FAM,,'03-60,1,45
E08,FAM,,'03-60,2,45
E09,FAM,,'03-68,1,45
E10,FAM,,'03-68,2,45
E11,FAM,,'03-76,1,45
E12,FAM,,'03-76,2,45
F01,FAM,,'03-35,1,45
F02,FAM,,'03-35,2,45
F03,FAM,,'03-43,1,45
F04,FAM,,'03-43,2,45
F05,FAM,,'03-51,1,45
F06,FAM,,'03-51,2,45
F07,FAM,,'03-59,1,45
F08,FAM,,'03-59,2,45
F09,FAM,,'03-67,1,45
F10,FAM,,'03-67,2,45
F11,FAM,,'03-75,1,45
F12,FAM,,'03-75,2,45
G01,FAM,,"Bd+FV3 10_9,9",1,3.409980183
G02,FAM,,"Bd+FV3 10_8,8",1,10.23204234
G03,FAM,,"Bd+FV3 10_7,7",1,15.02462602
G04,FAM,,"Bd+FV3 10_6,6",1,19.54937534
G05,FAM,,"Bd+FV3 10_5,5",1,23.0537935
G06,FAM,,"Bd+FV3 10_4,4",1,26.43634361
G07,FAM,,"Bd+FV3 10_3,3",1,30.06744128
G08,FAM,,"Bd+FV3 10_2,2",1,33.83327338
G09,FAM,,"Bd+FV3 10_1,1",1,34.01761149
G10,FAM,,"Bd+FV3 10_0,0",1,45
G11,FAM,,NTC,1,45
G12,FAM,,Blank,1,45
H01,FAM,,"Bd+FV3 10_9,9",2,4.026356647
H02,FAM,,"Bd+FV3 10_8,8",2,11.23622233
H03,FAM,,"Bd+FV3 10_7,7",2,15.21873089
H04,FAM,,"Bd+FV3 10_6,6",2,19.18093716
H05,FAM,,"Bd+FV3 10_5,5",2,22.84767107
H06,FAM,,"Bd+FV3 10_4,4",2,26.69907257
H07,FAM,,"Bd+FV3 10_3,3",2,30.52732748
H08,FAM,,"Bd+FV3 10_2,2",2,45
H09,FAM,,"Bd+FV3 10_1,1",2,35.15657628
H10,FAM,,"Bd+FV3 10_0,0",2,45
H11,FAM,,NTC,2,45
H12,FAM,,Blank,2,45
A01,HEX,,'02-65,1,45
A02,HEX,,'02-65,2,45
A03,HEX,,'02-73,1,42.4627021
A04,HEX,,'02-73,2,45
A05,HEX,,'02-81,1,45
A06,HEX,,'02-81,2,45
A07,HEX,,'03-08,1,45
A08,HEX,,'03-08,2,45
A09,HEX,,'03-16,1,45
A10,HEX,,'03-16,2,45
A11,HEX,,'03-24,1,45
A12,HEX,,'03-24,2,45
B01,HEX,,'02-64,1,45
B02,HEX,,'02-64,2,45
B03,HEX,,'02-72,1,45
B04,HEX,,'02-72,2,45
B05,HEX,,'02-80,1,45
B06,HEX,,'02-80,2,41.23142113
B07,HEX,,'03-07,1,45
B08,HEX,,'03-07,2,45
B09,HEX,,'03-15,1,45
B10,HEX,,'03-15,2,45
B11,HEX,,'03-23,1,45
B12,HEX,,'03-23,2,45
C01,HEX,,'03-38,1,45
C02,HEX,,'03-38,2,45
C03,HEX,,'03-46,1,45
C04,HEX,,'03-46,2,45
C05,HEX,,'03-54,1,45
C06,HEX,,'03-54,2,45
C07,HEX,,'03-62,1,45
C08,HEX,,'03-62,2,45
C09,HEX,,'03-70,1,45
C10,HEX,,'03-70,2,45
C11,HEX,,'03-78,1,45
C12,HEX,,'03-78,2,45
D01,HEX,,'03-37,1,45
D02,HEX,,'03-37,2,45
D03,HEX,,'03-45,1,43.60449081
D04,HEX,,'03-45,2,45
D05,HEX,,'03-53,1,45
D06,HEX,,'03-53,2,45
D07,HEX,,'03-61,1,45
D08,HEX,,'03-61,2,45
D09,HEX,,'03-69,1,45
D10,HEX,,'03-69,2,45
D11,HEX,,'03-77,1,45
D12,HEX,,'03-77,2,45
E01,HEX,,'03-36,1,45
E02,HEX,,'03-36,2,45
E03,HEX,,'03-44,1,45
E04,HEX,,'03-44,2,45
E05,HEX,,'03-52,1,45
E06,HEX,,'03-52,2,45
E07,HEX,,'03-60,1,45
E08,HEX,,'03-60,2,45
E09,HEX,,'03-68,1,45
E10,HEX,,'03-68,2,45
E11,HEX,,'03-76,1,45
E12,HEX,,'03-76,2,45
F01,HEX,,'03-35,1,45
F02,HEX,,'03-35,2,45
F03,HEX,,'03-43,1,45
F04,HEX,,'03-43,2,45
F05,HEX,,'03-51,1,45
F06,HEX,,'03-51,2,45
F07,HEX,,'03-59,1,45
F08,HEX,,'03-59,2,45
F09,HEX,,'03-67,1,45
F10,HEX,,'03-67,2,45
F11,HEX,,'03-75,1,45
F12,HEX,,'03-75,2,45
G01,HEX,,"Bd+FV3 10_9,9",1,9.333242639
G02,HEX,,"Bd+FV3 10_8,8",1,13.54555064
G03,HEX,,"Bd+FV3 10_7,7",1,18.3376699
G04,HEX,,"Bd+FV3 10_6,6",1,22.27804489
G05,HEX,,"Bd+FV3 10_5,5",1,25.66689849
G06,HEX,,"Bd+FV3 10_4,4",1,29.28723857
G07,HEX,,"Bd+FV3 10_3,3",1,32.49225956
G08,HEX,,"Bd+FV3 10_2,2",1,36.36642596
G09,HEX,,"Bd+FV3 10_1,1",1,36.2993864
G10,HEX,,"Bd+FV3 10_0,0",1,45
G11,HEX,,NTC,1,45
G12,HEX,,Blank,1,45
H01,HEX,,"Bd+FV3 10_9,9",2,9.242041636
H02,HEX,,"Bd+FV3 10_8,8",2,14.2309504
H03,HEX,,"Bd+FV3 10_7,7",2,18.1550469
H04,HEX,,"Bd+FV3 10_6,6",2,22.30298976
H05,HEX,,"Bd+FV3 10_5,5",2,25.74115216
H06,HEX,,"Bd+FV3 10_4,4",2,29.43814981
H07,HEX,,"Bd+FV3 10_3,3",2,33.1798691
H08,HEX,,"Bd+FV3 10_2,2",2,45
H09,HEX,,"Bd+FV3 10_1,1",2,37.09318267
H10,HEX,,"Bd+FV3 10_0,0",2,45
H11,HEX,,NTC,2,45
H12,HEX,,Blank,2,45
A01,FAM,'04-05,'04-05,1,33.18296429
A02,FAM,'04-05,'04-05,2,33.34495554
A03,FAM,'04-13,'04-13,1,45
A04,FAM,'04-13,'04-13,2,45
A05,FAM,'04-21,'04-21,1,45
A06,FAM,'04-21,'04-21,2,45
A07,FAM,'04-29,'04-29,1,45
A08,FAM,'04-29,'04-29,2,45
A09,FAM,'04-37,'04-37,1,45
A10,FAM,'04-37,'04-37,2,45
A11,FAM,'04-45,'04-45,1,45
A12,FAM,'04-45,'04-45,2,45
B01,FAM,'04-04,'04-04,1,45
B02,FAM,'04-04,'04-04,2,45
B03,FAM,'04-12,'04-12,1,45
B04,FAM,'04-12,'04-12,2,45
B05,FAM,'04-20,'04-20,1,45
B06,FAM,'04-20,'04-20,2,45
B07,FAM,'04-28,'04-28,1,35.57135198
B08,FAM,'04-28,'04-28,2,36.12925578
B09,FAM,'04-36,'04-36,1,45
B10,FAM,'04-36,'04-36,2,45
B11,FAM,'04-44,'04-44,1,45
B12,FAM,'04-44,'04-44,2,45
C01,FAM,'04-03,'04-03,1,38.29363572
C02,FAM,'04-03,'04-03,2,36.59070878
C03,FAM,'04-11,'04-11,1,45
C04,FAM,'04-11,'04-11,2,45
C05,FAM,'04-19,'04-19,1,45
C06,FAM,'04-19,'04-19,2,45
C07,FAM,'04-27,'04-27,1,45
C08,FAM,'04-27,'04-27,2,45
C09,FAM,'04-35,'04-35,1,45
C10,FAM,'04-35,'04-35,2,45
C11,FAM,'04-43,'04-43,1,45
C12,FAM,'04-43,'04-43,2,45
D01,FAM,'04-02,'04-02,1,45
D02,FAM,'04-02,'04-02,2,45
D03,FAM,'04-10,'04-10,1,45
D04,FAM,'04-10,'04-10,2,45
D05,FAM,'04-18,'04-18,1,45
D06,FAM,'04-18,'04-18,2,45
D07,FAM,'04-26,'04-26,1,45
D08,FAM,'04-26,'04-26,2,45
D09,FAM,'04-34,'04-34,1,45
D10,FAM,'04-34,'04-34,2,45
D11,FAM,'04-42,'04-42,1,45
D12,FAM,'04-42,'04-42,2,9.767882657
E01,FAM,'04-01,'04-01,1,45
E02,FAM,'04-01,'04-01,2,45
E03,FAM,'04-09,'04-09,1,45
E04,FAM,'04-09,'04-09,2,45
E05,FAM,'04-17,'04-17,1,45
E06,FAM,'04-17,'04-17,2,45
E07,FAM,'04-25,'04-25,1,45
E08,FAM,'04-25,'04-25,2,45
E09,FAM,'04-33,'04-33,1,45
E10,FAM,'04-33,'04-33,2,45
E11,FAM,'04-41,'04-41,1,45
E12,FAM,'04-41,'04-41,2,45
F01,FAM,'03-81,'03-81,1,45
F02,FAM,'03-81,'03-81,2,45
F03,FAM,'04-08,'04-08,1,40.01468572
F04,FAM,'04-08,'04-08,2,45
F05,FAM,'04-16,'04-16,1,45
F06,FAM,'04-16,'04-16,2,45
F07,FAM,'04-24,'04-24,1,45
F08,FAM,'04-24,'04-24,2,45
F09,FAM,'04-32,'04-32,1,45
F10,FAM,'04-32,'04-32,2,45
F11,FAM,'04-40,'04-40,1,45
F12,FAM,'04-40,'04-40,2,45
G01,FAM,'03-80,'03-80,1,45
G02,FAM,'03-80,'03-80,2,45
G03,FAM,'04-07,'04-07,1,45
G04,FAM,'04-07,'04-07,2,45
G05,FAM,'04-15,'04-15,1,45
G06,FAM,'04-15,'04-15,2,45
G07,FAM,'04-23,'04-23,1,45
G08,FAM,'04-23,'04-23,2,45
G09,FAM,"Bd+FV3 10_5,5","Bd+FV3 10_5,5",1,24.78718176
G10,FAM,"Bd+FV3 10_2,2","Bd+FV3 10_2,2",1,34.34172771
G11,FAM,"Bd+FV3 10_1,1","Bd+FV3 10_1,1",1,35.69442651
G12,FAM,NTC,NTC,1,45
H01,FAM,'03-79,'03-79,1,45
H02,FAM,'03-79,'03-79,2,45
H03,FAM,'04-06,'04-06,1,45
H04,FAM,'04-06,'04-06,2,45
H05,FAM,'04-14,'04-14,1,45
H06,FAM,'04-14,'04-14,2,45
H07,FAM,'04-22,'04-22,1,45
H08,FAM,'04-22,'04-22,2,45
H09,FAM,"Bd+FV3 10_5,5","Bd+FV3 10_5,5",2,24.71331185
H10,FAM,"Bd+FV3 10_2,2","Bd+FV3 10_2,2",2,35.15680473
H11,FAM,"Bd+FV3 10_1,1","Bd+FV3 10_1,1",2,36.90790699
H12,FAM,NTC,NTC,2,45
A01,HEX,'04-05,'04-05,1,45
A02,HEX,'04-05,'04-05,2,45
A03,HEX,'04-13,'04-13,1,45
A04,HEX,'04-13,'04-13,2,45
A05,HEX,'04-21,'04-21,1,45
A06,HEX,'04-21,'04-21,2,45
A07,HEX,'04-29,'04-29,1,45
A08,HEX,'04-29,'04-29,2,45
A09,HEX,'04-37,'04-37,1,45
A10,HEX,'04-37,'04-37,2,45
A11,HEX,'04-45,'04-45,1,45
A12,HEX,'04-45,'04-45,2,45
B01,HEX,'04-04,'04-04,1,45
B02,HEX,'04-04,'04-04,2,45
B03,HEX,'04-12,'04-12,1,45
B04,HEX,'04-12,'04-12,2,45
B05,HEX,'04-20,'04-20,1,45
B06,HEX,'04-20,'04-20,2,45
B07,HEX,'04-28,'04-28,1,45
B08,HEX,'04-28,'04-28,2,45
B09,HEX,'04-36,'04-36,1,45
B10,HEX,'04-36,'04-36,2,45
B11,HEX,'04-44,'04-44,1,45
B12,HEX,'04-44,'04-44,2,45
C01,HEX,'04-03,'04-03,1,45
C02,HEX,'04-03,'04-03,2,45
C03,HEX,'04-11,'04-11,1,45
C04,HEX,'04-11,'04-11,2,45
C05,HEX,'04-19,'04-19,1,45
C06,HEX,'04-19,'04-19,2,45
C07,HEX,'04-27,'04-27,1,45
C08,HEX,'04-27,'04-27,2,45
C09,HEX,'04-35,'04-35,1,45
C10,HEX,'04-35,'04-35,2,45
C11,HEX,'04-43,'04-43,1,45
C12,HEX,'04-43,'04-43,2,45
D01,HEX,'04-02,'04-02,1,45
D02,HEX,'04-02,'04-02,2,45
D03,HEX,'04-10,'04-10,1,45
D04,HEX,'04-10,'04-10,2,45
D05,HEX,'04-18,'04-18,1,45
D06,HEX,'04-18,'04-18,2,45
D07,HEX,'04-26,'04-26,1,45
D08,HEX,'04-26,'04-26,2,45
D09,HEX,'04-34,'04-34,1,45
D10,HEX,'04-34,'04-34,2,45
D11,HEX,'04-42,'04-42,1,45
D12,HEX,'04-42,'04-42,2,45
E01,HEX,'04-01,'04-01,1,45
E02,HEX,'04-01,'04-01,2,45
E03,HEX,'04-09,'04-09,1,45
E04,HEX,'04-09,'04-09,2,45
E05,HEX,'04-17,'04-17,1,45
E06,HEX,'04-17,'04-17,2,45
E07,HEX,'04-25,'04-25,1,45
E08,HEX,'04-25,'04-25,2,45
E09,HEX,'04-33,'04-33,1,45
E10,HEX,'04-33,'04-33,2,45
E11,HEX,'04-41,'04-41,1,45
E12,HEX,'04-41,'04-41,2,45
F01,HEX,'03-81,'03-81,1,45
F02,HEX,'03-81,'03-81,2,45
F03,HEX,'04-08,'04-08,1,45
F04,HEX,'04-08,'04-08,2,45
F05,HEX,'04-16,'04-16,1,45
F06,HEX,'04-16,'04-16,2,45
F07,HEX,'04-24,'04-24,1,45
F08,HEX,'04-24,'04-24,2,45
F09,HEX,'04-32,'04-32,1,45
F10,HEX,'04-32,'04-32,2,45
F11,HEX,'04-40,'04-40,1,45
F12,HEX,'04-40,'04-40,2,45
G01,HEX,'03-80,'03-80,1,45
G02,HEX,'03-80,'03-80,2,45
G03,HEX,'04-07,'04-07,1,45
G04,HEX,'04-07,'04-07,2,45
G05,HEX,'04-15,'04-15,1,45
G06,HEX,'04-15,'04-15,2,45
G07,HEX,'04-23,'04-23,1,45
G08,HEX,'04-23,'04-23,2,45
G09,HEX,"Bd+FV3 10_5,5","Bd+FV3 10_5,5",1,25.37501579
G10,HEX,"Bd+FV3 10_2,2","Bd+FV3 10_2,2",1,34.67338907
G11,HEX,"Bd+FV3 10_1,1","Bd+FV3 10_1,1",1,36.20411697
G12,HEX,NTC,NTC,1,45
H01,HEX,'03-79,'03-79,1,45
H02,HEX,'03-79,'03-79,2,45
H03,HEX,'04-06,'04-06,1,45
H04,HEX,'04-06,'04-06,2,45
H05,HEX,'04-14,'04-14,1,45
H06,HEX,'04-14,'04-14,2,45
H07,HEX,'04-22,'04-22,1,45
H08,HEX,'04-22,'04-22,2,45
H09,HEX,"Bd+FV3 10_5,5","Bd+FV3 10_5,5",2,25.29867227
H10,HEX,"Bd+FV3 10_2,2","Bd+FV3 10_2,2",2,35.58790036
H11,HEX,"Bd+FV3 10_1,1","Bd+FV3 10_1,1",2,36.81274772
H12,HEX,NTC,NTC,2,45
A01,FAM,,'03-34,1,45
A02,FAM,,'03-34,2,45
A03,FAM,,'03-42,1,45
A04,FAM,,'03-42,2,45
A05,FAM,,'03-50,1,45
A06,FAM,,'03-50,2,45
A07,FAM,,'03-58,1,45
A08,FAM,,'03-58,2,45
A09,FAM,,'03-66,1,45
A10,FAM,,'03-66,2,45
A11,FAM,,'03-74,1,45
A12,FAM,,'03-74,2,29.22749771
B01,FAM,,'03-33,1,45
B02,FAM,,'03-33,2,38.6386711
B03,FAM,,'03-41,1,45
B04,FAM,,'03-41,2,45
B05,FAM,,'03-49,1,24.66520482
B06,FAM,,'03-49,2,45
B07,FAM,,'03-57,1,45
B08,FAM,,'03-57,2,45
B09,FAM,,'03-65,1,45
B10,FAM,,'03-65,2,45
B11,FAM,,'03-73,1,45
B12,FAM,,'03-73,2,45
C01,FAM,,'03-32,1,45
C02,FAM,,'03-32,2,45
C03,FAM,,'03-40,1,45
C04,FAM,,'03-40,2,45
C05,FAM,,'03-48,1,45
C06,FAM,,'03-48,2,45
C07,FAM,,'03-56,1,45
C08,FAM,,'03-56,2,45
C09,FAM,,'03-64,1,45
C10,FAM,,'03-64,2,45
C11,FAM,,'03-72,1,45
C12,FAM,,'03-72,2,45
D01,FAM,,'03-31,1,45
D02,FAM,,'03-31,2,45
D03,FAM,,'03-39,1,45
D04,FAM,,'03-39,2,45
D05,FAM,,'03-47,1,45
D06,FAM,,'03-47,2,45
D07,FAM,,'03-55,1,45
D08,FAM,,'03-55,2,45
D09,FAM,,'03-63,1,45
D10,FAM,,'03-63,2,45
D11,FAM,,'03-71,1,45
D12,FAM,,'03-71,2,45
E01,FAM,,'04-53,1,45
E02,FAM,,'04-53,2,45
E03,FAM,,'04-61,1,45
E04,FAM,,'04-61,2,45
E05,FAM,,'04-69,1,45
E06,FAM,,'04-69,2,45
E07,FAM,,'04-77,1,34.14736066
E08,FAM,,'04-77,2,34.40877276
E09,FAM,,'04-31,1,45
E10,FAM,,'04-31,2,45
E11,FAM,,'04-39,1,37.55320753
E12,FAM,,'04-39,2,35.69247954
F01,FAM,,'04-52,1,45
F02,FAM,,'04-52,2,36.87388479
F03,FAM,,'04-60,1,45
F04,FAM,,'04-60,2,45
F05,FAM,,'04-68,1,45
F06,FAM,,'04-68,2,45
F07,FAM,,'04-76,1,33.07639812
F08,FAM,,'04-76,2,32.23272021
F09,FAM,,'04-30,1,45
F10,FAM,,'04-30,2,45
F11,FAM,,'04-38,1,45
F12,FAM,,'04-38,2,45
G01,FAM,,'04-51,1,45
G02,FAM,,'04-51,2,43.28456484
G03,FAM,,'04-59,1,45
G04,FAM,,'04-59,2,45
G05,FAM,,'04-67,1,45
G06,FAM,,'04-67,2,45
G07,FAM,,'04-75,1,45
G08,FAM,,'04-75,2,45
G09,FAM,,"Bd+FV3 10_5,5",1,24.13165097
G10,FAM,,"Bd+FV3 10_2,2",1,34.4636924
G11,FAM,,"Bd+FV3 10_1,1",1,35.23907394
G12,FAM,,NTC,1,45
H01,FAM,,'04-50,1,37.34567608
H02,FAM,,'04-50,2,36.45246938
H03,FAM,,'04-58,1,45
H04,FAM,,'04-58,2,45
H05,FAM,,'04-66,1,31.44319282
H06,FAM,,'04-66,2,31.44530551
H07,FAM,,'04-74,1,45
H08,FAM,,'04-74,2,45
H09,FAM,,"Bd+FV3 10_5,5",2,23.96138327
H10,FAM,,"Bd+FV3 10_2,2",2,34.37583613
H11,FAM,,"Bd+FV3 10_1,1",2,35.06783044
H12,FAM,,NTC,2,45
A01,HEX,,'03-34,1,45
A02,HEX,,'03-34,2,45
A03,HEX,,'03-42,1,45
A04,HEX,,'03-42,2,45
A05,HEX,,'03-50,1,45
A06,HEX,,'03-50,2,45
A07,HEX,,'03-58,1,45
A08,HEX,,'03-58,2,45
A09,HEX,,'03-66,1,45
A10,HEX,,'03-66,2,45
A11,HEX,,'03-74,1,45
A12,HEX,,'03-74,2,45
B01,HEX,,'03-33,1,45
B02,HEX,,'03-33,2,45
B03,HEX,,'03-41,1,45
B04,HEX,,'03-41,2,45
B05,HEX,,'03-49,1,45
B06,HEX,,'03-49,2,45
B07,HEX,,'03-57,1,45
B08,HEX,,'03-57,2,45
B09,HEX,,'03-65,1,45
B10,HEX,,'03-65,2,45
B11,HEX,,'03-73,1,45
B12,HEX,,'03-73,2,45
C01,HEX,,'03-32,1,45
C02,HEX,,'03-32,2,40.06653121
C03,HEX,,'03-40,1,45
C04,HEX,,'03-40,2,45
C05,HEX,,'03-48,1,45
C06,HEX,,'03-48,2,45
C07,HEX,,'03-56,1,45
C08,HEX,,'03-56,2,45
C09,HEX,,'03-64,1,45
C10,HEX,,'03-64,2,45
C11,HEX,,'03-72,1,45
C12,HEX,,'03-72,2,45
D01,HEX,,'03-31,1,45
D02,HEX,,'03-31,2,45
D03,HEX,,'03-39,1,45
D04,HEX,,'03-39,2,45
D05,HEX,,'03-47,1,42.19052461
D06,HEX,,'03-47,2,45
D07,HEX,,'03-55,1,45
D08,HEX,,'03-55,2,45
D09,HEX,,'03-63,1,45
D10,HEX,,'03-63,2,45
D11,HEX,,'03-71,1,45
D12,HEX,,'03-71,2,45
E01,HEX,,'04-53,1,45
E02,HEX,,'04-53,2,45
E03,HEX,,'04-61,1,45
E04,HEX,,'04-61,2,45
E05,HEX,,'04-69,1,45
E06,HEX,,'04-69,2,45
E07,HEX,,'04-77,1,45
E08,HEX,,'04-77,2,45
E09,HEX,,'04-31,1,45
E10,HEX,,'04-31,2,45
E11,HEX,,'04-39,1,45
E12,HEX,,'04-39,2,45
F01,HEX,,'04-52,1,45
F02,HEX,,'04-52,2,45
F03,HEX,,'04-60,1,45
F04,HEX,,'04-60,2,45
F05,HEX,,'04-68,1,45
F06,HEX,,'04-68,2,45
F07,HEX,,'04-76,1,45
F08,HEX,,'04-76,2,45
F09,HEX,,'04-30,1,45
F10,HEX,,'04-30,2,45
F11,HEX,,'04-38,1,45
F12,HEX,,'04-38,2,45
G01,HEX,,'04-51,1,45
G02,HEX,,'04-51,2,45
G03,HEX,,'04-59,1,45
G04,HEX,,'04-59,2,45
G05,HEX,,'04-67,1,45
G06,HEX,,'04-67,2,45
G07,HEX,,'04-75,1,45
G08,HEX,,'04-75,2,45
G09,HEX,,"Bd+FV3 10_5,5",1,27.22099267
G10,HEX,,"Bd+FV3 10_2,2",1,37.27198244
G11,HEX,,"Bd+FV3 10_1,1",1,37.53512625
G12,HEX,,NTC,1,45
H01,HEX,,'04-50,1,45
H02,HEX,,'04-50,2,45
H03,HEX,,'04-58,1,45
H04,HEX,,'04-58,2,45
H05,HEX,,'04-66,1,45
H06,HEX,,'04-66,2,45
H07,HEX,,'04-74,1,45
H08,HEX,,'04-74,2,45
H09,HEX,,"Bd+FV3 10_5,5",2,27.05608152
H10,HEX,,"Bd+FV3 10_2,2",2,37.23290727
H11,HEX,,"Bd+FV3 10_1,1",2,37.78953681
H12,HEX,,NTC,2,45
A01,FAM,,'04-49,1,38.24775039
A02,FAM,,'04-49,2,36.68894971
A03,FAM,,'04-65,1,45
A04,FAM,,'04-65,2,45
A05,FAM,,'05-04,1,30.83855798
A06,FAM,,'05-04,2,31.43818415
A07,FAM,,'05-12,1,45
A08,FAM,,'05-12,2,45
A09,FAM,,'05-20,1,45
A10,FAM,,'05-20,2,45
A11,FAM,,'05-28,1,45
A12,FAM,,'05-28,2,45
B01,FAM,,'04-48,1,45
B02,FAM,,'04-48,2,45
B03,FAM,,'04-64,1,45
B04,FAM,,'04-64,2,45
B05,FAM,,'05-03,1,45
B06,FAM,,'05-03,2,45
B07,FAM,,'05-11,1,45
B08,FAM,,'05-11,2,45
B09,FAM,,'05-19,1,18.53705537
B10,FAM,,'05-19,2,45
B11,FAM,,'05-27,1,45
B12,FAM,,'05-27,2,45
C01,FAM,,'04-47,1,45
C02,FAM,,'04-47,2,35.32164845
C03,FAM,,'04-63,1,45
C04,FAM,,'04-63,2,45
C05,FAM,,'05-02,1,45
C06,FAM,,'05-02,2,45
C07,FAM,,'05-10,1,45
C08,FAM,,'05-10,2,45
C09,FAM,,'05-18,1,45
C10,FAM,,'05-18,2,45
C11,FAM,,'05-26,1,45
C12,FAM,,'05-26,2,45
D01,FAM,,'04-46,1,45
D02,FAM,,'04-46,2,45
D03,FAM,,'04-62,1,45
D04,FAM,,'04-62,2,45
D05,FAM,,'05-01,1,43.54642671
D06,FAM,,'05-01,2,39.23274537
D07,FAM,,'05-09,1,45
D08,FAM,,'05-09,2,45
D09,FAM,,'05-17,1,45
D10,FAM,,'05-17,2,45
D11,FAM,,'05-25,1,45
D12,FAM,,'05-25,2,45
E01,FAM,,'04-57,1,38.03817293
E02,FAM,,'04-57,2,37.59309863
E03,FAM,,'04-73,1,45
E04,FAM,,'04-73,2,45
E05,FAM,,'04-81,1,41.91760605
E06,FAM,,'04-81,2,45
E07,FAM,,'05-08,1,45
E08,FAM,,'05-08,2,45
E09,FAM,,'05-16,1,45
E10,FAM,,'05-16,2,45
E11,FAM,,'05-24,1,45
E12,FAM,,'05-24,2,45
F01,FAM,,'04-56,1,45
F02,FAM,,'04-56,2,36.33973184
F03,FAM,,'04-72,1,45
F04,FAM,,'04-72,2,45
F05,FAM,,'04-80,1,45
F06,FAM,,'04-80,2,45
F07,FAM,,'05-07,1,45
F08,FAM,,'05-07,2,45
F09,FAM,,'05-15,1,45
F10,FAM,,'05-15,2,45
F11,FAM,,'05-23,1,45
F12,FAM,,'05-23,2,45
G01,FAM,,'04-55,1,33.38534656
G02,FAM,,'04-55,2,30.55205846
G03,FAM,,'04-71,1,31.93957641
G04,FAM,,'04-71,2,45
G05,FAM,,'04-79,1,45
G06,FAM,,'04-79,2,45
G07,FAM,,'05-06,1,45
G08,FAM,,'05-06,2,45
G09,FAM,,"Bd+FV3 10_5,5",1,21.58710139
G10,FAM,,"Bd+FV3 10_2,2",1,31.09213656
G11,FAM,,"Bd+FV3 10_1,1",1,31.89225371
G12,FAM,,NTC,1,45
H01,FAM,,'04-54,1,45
H02,FAM,,'04-54,2,45
H03,FAM,,'04-70,1,45
H04,FAM,,'04-70,2,45
H05,FAM,,'04-78,1,45
H06,FAM,,'04-78,2,45
H07,FAM,,'05-05,1,45
H08,FAM,,'05-05,2,45
H09,FAM,,"Bd+FV3 10_5,5",2,25.1403058
H10,FAM,,"Bd+FV3 10_2,2",2,36.09407458
H11,FAM,,"Bd+FV3 10_1,1",2,35.32331364
H12,FAM,,NTC,2,1.301013069
A01,HEX,,'04-49,1,45
A02,HEX,,'04-49,2,45
A03,HEX,,'04-65,1,45
A04,HEX,,'04-65,2,45
A05,HEX,,'05-04,1,45
A06,HEX,,'05-04,2,45
A07,HEX,,'05-12,1,45
A08,HEX,,'05-12,2,45
A09,HEX,,'05-20,1,45
A10,HEX,,'05-20,2,45
A11,HEX,,'05-28,1,45
A12,HEX,,'05-28,2,45
B01,HEX,,'04-48,1,45
B02,HEX,,'04-48,2,45
B03,HEX,,'04-64,1,45
B04,HEX,,'04-64,2,45
B05,HEX,,'05-03,1,45
B06,HEX,,'05-03,2,45
B07,HEX,,'05-11,1,45
B08,HEX,,'05-11,2,45
B09,HEX,,'05-19,1,45
B10,HEX,,'05-19,2,45
B11,HEX,,'05-27,1,45
B12,HEX,,'05-27,2,45
C01,HEX,,'04-47,1,45
C02,HEX,,'04-47,2,45
C03,HEX,,'04-63,1,45
C04,HEX,,'04-63,2,45
C05,HEX,,'05-02,1,45
C06,HEX,,'05-02,2,45
C07,HEX,,'05-10,1,45
C08,HEX,,'05-10,2,45
C09,HEX,,'05-18,1,45
C10,HEX,,'05-18,2,45
C11,HEX,,'05-26,1,45
C12,HEX,,'05-26,2,45
D01,HEX,,'04-46,1,45
D02,HEX,,'04-46,2,45
D03,HEX,,'04-62,1,45
D04,HEX,,'04-62,2,45
D05,HEX,,'05-01,1,45
D06,HEX,,'05-01,2,45
D07,HEX,,'05-09,1,45
D08,HEX,,'05-09,2,45
D09,HEX,,'05-17,1,45
D10,HEX,,'05-17,2,45
D11,HEX,,'05-25,1,45
D12,HEX,,'05-25,2,45
E01,HEX,,'04-57,1,45
E02,HEX,,'04-57,2,45
E03,HEX,,'04-73,1,45
E04,HEX,,'04-73,2,45
E05,HEX,,'04-81,1,45
E06,HEX,,'04-81,2,45
E07,HEX,,'05-08,1,45
E08,HEX,,'05-08,2,45
E09,HEX,,'05-16,1,45
E10,HEX,,'05-16,2,45
E11,HEX,,'05-24,1,45
E12,HEX,,'05-24,2,45
F01,HEX,,'04-56,1,45
F02,HEX,,'04-56,2,45
F03,HEX,,'04-72,1,45
F04,HEX,,'04-72,2,45
F05,HEX,,'04-80,1,45
F06,HEX,,'04-80,2,45
F07,HEX,,'05-07,1,45
F08,HEX,,'05-07,2,45
F09,HEX,,'05-15,1,45
F10,HEX,,'05-15,2,45
F11,HEX,,'05-23,1,45
F12,HEX,,'05-23,2,45
G01,HEX,,'04-55,1,45
G02,HEX,,'04-55,2,45
G03,HEX,,'04-71,1,45
G04,HEX,,'04-71,2,45
G05,HEX,,'04-79,1,45
G06,HEX,,'04-79,2,45
G07,HEX,,'05-06,1,45
G08,HEX,,'05-06,2,45
G09,HEX,,"Bd+FV3 10_5,5",1,25.27150891
G10,HEX,,"Bd+FV3 10_2,2",1,33.96576925
G11,HEX,,"Bd+FV3 10_1,1",1,35.17290464
G12,HEX,,NTC,1,45
H01,HEX,,'04-54,1,45
H02,HEX,,'04-54,2,45
H03,HEX,,'04-70,1,45
H04,HEX,,'04-70,2,45
H05,HEX,,'04-78,1,45
H06,HEX,,'04-78,2,45
H07,HEX,,'05-05,1,45
H08,HEX,,'05-05,2,45
H09,HEX,,"Bd+FV3 10_5,5",2,25.53927569
H10,HEX,,"Bd+FV3 10_2,2",2,36.45879228
H11,HEX,,"Bd+FV3 10_1,1",2,35.61839034
H12,HEX,,NTC,2,45
A01,FAM,,'05-36,1,45
A02,FAM,,'05-36,2,45
A03,FAM,,'05-44,1,45
A04,FAM,,'05-44,2,45
A05,FAM,,'05-52,1,45
A06,FAM,,'05-52,2,45
A07,FAM,,'05-60,1,45
A08,FAM,,'05-60,2,45
A09,FAM,,'05-14,1,45
A10,FAM,,'05-14,2,45
A11,FAM,,'05-65,1,45
A12,FAM,,'05-65,2,45
B01,FAM,,'05-35,1,45
B02,FAM,,'05-35,2,45
B03,FAM,,'05-43,1,45
B04,FAM,,'05-43,2,45
B05,FAM,,'05-51,1,45
B06,FAM,,'05-51,2,45
B07,FAM,,'05-59,1,45
B08,FAM,,'05-59,2,45
B09,FAM,,'05-13,1,45
B10,FAM,,'05-13,2,45
B11,FAM,,'05-64,1,45
B12,FAM,,'05-64,2,45
C01,FAM,,'05-34,1,45
C02,FAM,,'05-34,2,45
C03,FAM,,'05-42,1,45
C04,FAM,,'05-42,2,45
C05,FAM,,'05-50,1,45
C06,FAM,,'05-50,2,45
C07,FAM,,'05-58,1,45
C08,FAM,,'05-58,2,45
C09,FAM,,'05-22,1,45
C10,FAM,,'05-22,2,45
C11,FAM,,'05-63,1,45
C12,FAM,,'05-63,2,45
D01,FAM,,'05-33,1,45
D02,FAM,,'05-33,2,45
D03,FAM,,'05-41,1,45
D04,FAM,,'05-41,2,45
D05,FAM,,'05-49,1,45
D06,FAM,,'05-49,2,45
D07,FAM,,'05-57,1,45
D08,FAM,,'05-57,2,45
D09,FAM,,'05-68,1,45
D10,FAM,,'05-68,2,45
D11,FAM,,'05-62,1,45
D12,FAM,,'05-62,2,45
E01,FAM,,'05-32,1,45
E02,FAM,,'05-32,2,45
E03,FAM,,'05-40,1,45
E04,FAM,,'05-40,2,45
E05,FAM,,'05-48,1,45
E06,FAM,,'05-48,2,45
E07,FAM,,'05-56,1,45
E08,FAM,,'05-56,2,45
E09,FAM,,'05-67,1,45
E10,FAM,,'05-67,2,45
E11,FAM,,'05-61,1,45
E12,FAM,,'05-61,2,45
F01,FAM,,'05-31,1,45
F02,FAM,,'05-31,2,45
F03,FAM,,'05-39,1,45
F04,FAM,,'05-39,2,45
F05,FAM,,'05-47,1,45
F06,FAM,,'05-47,2,45
F07,FAM,,'05-55,1,45
F08,FAM,,'05-55,2,45
F09,FAM,,'05-66,1,45
F10,FAM,,'05-66,2,45
F11,FAM,,Empty,1,45
F12,FAM,,Empty,2,45
G01,FAM,,'05-30,1,45
G02,FAM,,'05-30,2,45
G03,FAM,,'05-38,1,45
G04,FAM,,'05-38,2,45
G05,FAM,,'05-46,1,45
G06,FAM,,'05-46,2,45
G07,FAM,,'05-54,1,45
G08,FAM,,'05-54,2,45
G09,FAM,,"Bd+FV3 10_5,5",1,24.87225635
G10,FAM,,"Bd+FV3 10_2,2",1,34.87285908
G11,FAM,,"Bd+FV3 10_1,1",1,35.4764023
G12,FAM,,NTC,1,45
H01,FAM,,'05-29,1,45
H02,FAM,,'05-29,2,45
H03,FAM,,'05-37,1,45
H04,FAM,,'05-37,2,45
H05,FAM,,'05-45,1,45
H06,FAM,,'05-45,2,45
H07,FAM,,'05-53,1,45
H08,FAM,,'05-53,2,45
H09,FAM,,"Bd+FV3 10_5,5",2,24.88910946
H10,FAM,,"Bd+FV3 10_2,2",2,36.56792764
H11,FAM,,"Bd+FV3 10_1,1",2,34.95568604
H12,FAM,,NTC,2,45
A01,HEX,,'05-36,1,45
A02,HEX,,'05-36,2,45
A03,HEX,,'05-44,1,45
A04,HEX,,'05-44,2,45
A05,HEX,,'05-52,1,45
A06,HEX,,'05-52,2,45
A07,HEX,,'05-60,1,45
A08,HEX,,'05-60,2,45
A09,HEX,,'05-14,1,45
A10,HEX,,'05-14,2,45
A11,HEX,,'05-65,1,45
A12,HEX,,'05-65,2,45
B01,HEX,,'05-35,1,45
B02,HEX,,'05-35,2,45
B03,HEX,,'05-43,1,45
B04,HEX,,'05-43,2,45
B05,HEX,,'05-51,1,45
B06,HEX,,'05-51,2,45
B07,HEX,,'05-59,1,45
B08,HEX,,'05-59,2,45
B09,HEX,,'05-13,1,45
B10,HEX,,'05-13,2,45
B11,HEX,,'05-64,1,45
B12,HEX,,'05-64,2,45
C01,HEX,,'05-34,1,45
C02,HEX,,'05-34,2,45
C03,HEX,,'05-42,1,45
C04,HEX,,'05-42,2,45
C05,HEX,,'05-50,1,45
C06,HEX,,'05-50,2,45
C07,HEX,,'05-58,1,45
C08,HEX,,'05-58,2,45
C09,HEX,,'05-22,1,45
C10,HEX,,'05-22,2,45
C11,HEX,,'05-63,1,45
C12,HEX,,'05-63,2,45
D01,HEX,,'05-33,1,45
D02,HEX,,'05-33,2,45
D03,HEX,,'05-41,1,45
D04,HEX,,'05-41,2,45
D05,HEX,,'05-49,1,45
D06,HEX,,'05-49,2,45
D07,HEX,,'05-57,1,45
D08,HEX,,'05-57,2,45
D09,HEX,,'05-68,1,45
D10,HEX,,'05-68,2,45
D11,HEX,,'05-62,1,45
D12,HEX,,'05-62,2,45
E01,HEX,,'05-32,1,45
E02,HEX,,'05-32,2,45
E03,HEX,,'05-40,1,45
E04,HEX,,'05-40,2,45
E05,HEX,,'05-48,1,45
E06,HEX,,'05-48,2,45
E07,HEX,,'05-56,1,45
E08,HEX,,'05-56,2,45
E09,HEX,,'05-67,1,45
E10,HEX,,'05-67,2,45
E11,HEX,,'05-61,1,45
E12,HEX,,'05-61,2,45
F01,HEX,,'05-31,1,45
F02,HEX,,'05-31,2,45
F03,HEX,,'05-39,1,45
F04,HEX,,'05-39,2,45
F05,HEX,,'05-47,1,45
F06,HEX,,'05-47,2,45
F07,HEX,,'05-55,1,45
F08,HEX,,'05-55,2,45
F09,HEX,,'05-66,1,45
F10,HEX,,'05-66,2,45
F11,HEX,,Empty,1,45
F12,HEX,,Empty,2,45
G01,HEX,,'05-30,1,45
G02,HEX,,'05-30,2,45
G03,HEX,,'05-38,1,45
G04,HEX,,'05-38,2,45
G05,HEX,,'05-46,1,45
G06,HEX,,'05-46,2,45
G07,HEX,,'05-54,1,45
G08,HEX,,'05-54,2,45
G09,HEX,,"Bd+FV3 10_5,5",1,25.60237587
G10,HEX,,"Bd+FV3 10_2,2",1,35.40092231
G11,HEX,,"Bd+FV3 10_1,1",1,35.61494199
G12,HEX,,NTC,1,45
H01,HEX,,'05-29,1,45
H02,HEX,,'05-29,2,45
H03,HEX,,'05-37,1,45
H04,HEX,,'05-37,2,45
H05,HEX,,'05-45,1,45
H06,HEX,,'05-45,2,45
H07,HEX,,'05-53,1,45
H08,HEX,,'05-53,2,45
H09,HEX,,"Bd+FV3 10_5,5",2,25.70308676
H10,HEX,,"Bd+FV3 10_2,2",2,36.61135364
H11,HEX,,"Bd+FV3 10_1,1",2,34.85483301
H12,HEX,,NTC,2,45
A01,FAM,,'05-76,1,1.790392163
A02,FAM,,'05-76,2,45
A03,FAM,,'06-03,1,45
A04,FAM,,'06-03,2,45
A05,FAM,,'06-11,1,45
A06,FAM,,'06-11,2,45
A07,FAM,,'06-19,1,45
A08,FAM,,'06-19,2,45
A09,FAM,,'06-27,1,45
A10,FAM,,'06-27,2,25.44198931
A11,FAM,,'06-35,1,45
A12,FAM,,'06-35,2,45
B01,FAM,,'05-75,1,45
B02,FAM,,'05-75,2,45
B03,FAM,,'06-02,1,45
B04,FAM,,'06-02,2,45
B05,FAM,,'06-10,1,45
B06,FAM,,'06-10,2,23.71404692
B07,FAM,,'06-18,1,45
B08,FAM,,'06-18,2,28.84952969
B09,FAM,,'06-26,1,45
B10,FAM,,'06-26,2,45
B11,FAM,,'06-34,1,45
B12,FAM,,'06-34,2,45
C01,FAM,,'05-74,1,45
C02,FAM,,'05-74,2,45
C03,FAM,,'06-01,1,45
C04,FAM,,'06-01,2,24.35135967
C05,FAM,,'06-09,1,45
C06,FAM,,'06-09,2,45
C07,FAM,,'06-17,1,45
C08,FAM,,'06-17,2,45
C09,FAM,,'06-25,1,45
C10,FAM,,'06-25,2,45
C11,FAM,,'06-33,1,45
C12,FAM,,'06-33,2,45
D01,FAM,,'05-73,1,45
D02,FAM,,'05-73,2,45
D03,FAM,,'05-81,1,45
D04,FAM,,'05-81,2,45
D05,FAM,,'06-08,1,45
D06,FAM,,'06-08,2,33.7563295
D07,FAM,,'06-16,1,45
D08,FAM,,'06-16,2,45
D09,FAM,,'06-24,1,45
D10,FAM,,'06-24,2,45
D11,FAM,,'06-32,1,45
D12,FAM,,'06-32,2,45
E01,FAM,,'05-72,1,45
E02,FAM,,'05-72,2,45
E03,FAM,,'05-80,1,45
E04,FAM,,'05-80,2,45
E05,FAM,,'06-07,1,45
E06,FAM,,'06-07,2,45
E07,FAM,,'06-15,1,45
E08,FAM,,'06-15,2,45
E09,FAM,,'06-23,1,45
E10,FAM,,'06-23,2,45
E11,FAM,,'06-31,1,45
E12,FAM,,'06-31,2,45
F01,FAM,,'05-71,1,45
F02,FAM,,'05-71,2,45
F03,FAM,,'05-79,1,45
F04,FAM,,'05-79,2,45
F05,FAM,,'06-06,1,45
F06,FAM,,'06-06,2,45
F07,FAM,,'06-14,1,45
F08,FAM,,'06-14,2,45
F09,FAM,,'06-22,1,45
F10,FAM,,'06-22,2,45
F11,FAM,,'06-30,1,45
F12,FAM,,'06-30,2,21.86027039
G01,FAM,,'05-70,1,45
G02,FAM,,'05-70,2,45
G03,FAM,,'05-78,1,45
G04,FAM,,'05-78,2,45
G05,FAM,,'06-05,1,45
G06,FAM,,'06-05,2,45
G07,FAM,,'06-13,1,45
G08,FAM,,'06-13,2,45
G09,FAM,,"Bd+FV3 10_5,5",1,23.63402191
G10,FAM,,"Bd+FV3 10_2,2",1,33.6323734
G11,FAM,,"Bd+FV3 10_1,1",1,34.67028155
G12,FAM,,NTC,1,45
H01,FAM,,'05-69,1,36.80721824
H02,FAM,,'05-69,2,38.26356734
H03,FAM,,'05-77,1,45
H04,FAM,,'05-77,2,45
H05,FAM,,'06-04,1,45
H06,FAM,,'06-04,2,45
H07,FAM,,'06-12,1,45
H08,FAM,,'06-12,2,45
H09,FAM,,"Bd+FV3 10_5,5",2,23.44351525
H10,FAM,,"Bd+FV3 10_2,2",2,33.95755723
H11,FAM,,"Bd+FV3 10_1,1",2,33.17021149
H12,FAM,,NTC,2,45
A01,HEX,,'05-76,1,45
A02,HEX,,'05-76,2,45
A03,HEX,,'06-03,1,45
A04,HEX,,'06-03,2,45
A05,HEX,,'06-11,1,45
A06,HEX,,'06-11,2,45
A07,HEX,,'06-19,1,45
A08,HEX,,'06-19,2,45
A09,HEX,,'06-27,1,45
A10,HEX,,'06-27,2,45
A11,HEX,,'06-35,1,45
A12,HEX,,'06-35,2,45
B01,HEX,,'05-75,1,45
B02,HEX,,'05-75,2,45
B03,HEX,,'06-02,1,45
B04,HEX,,'06-02,2,45
B05,HEX,,'06-10,1,45
B06,HEX,,'06-10,2,45
B07,HEX,,'06-18,1,45
B08,HEX,,'06-18,2,45
B09,HEX,,'06-26,1,45
B10,HEX,,'06-26,2,45
B11,HEX,,'06-34,1,45
B12,HEX,,'06-34,2,45
C01,HEX,,'05-74,1,45
C02,HEX,,'05-74,2,45
C03,HEX,,'06-01,1,45
C04,HEX,,'06-01,2,45
C05,HEX,,'06-09,1,45
C06,HEX,,'06-09,2,45
C07,HEX,,'06-17,1,45
C08,HEX,,'06-17,2,45
C09,HEX,,'06-25,1,45
C10,HEX,,'06-25,2,45
C11,HEX,,'06-33,1,45
C12,HEX,,'06-33,2,45
D01,HEX,,'05-73,1,45
D02,HEX,,'05-73,2,45
D03,HEX,,'05-81,1,45
D04,HEX,,'05-81,2,45
D05,HEX,,'06-08,1,45
D06,HEX,,'06-08,2,45
D07,HEX,,'06-16,1,45
D08,HEX,,'06-16,2,45
D09,HEX,,'06-24,1,45
D10,HEX,,'06-24,2,45
D11,HEX,,'06-32,1,45
D12,HEX,,'06-32,2,45
E01,HEX,,'05-72,1,45
E02,HEX,,'05-72,2,45
E03,HEX,,'05-80,1,45
E04,HEX,,'05-80,2,45
E05,HEX,,'06-07,1,45
E06,HEX,,'06-07,2,45
E07,HEX,,'06-15,1,45
E08,HEX,,'06-15,2,45
E09,HEX,,'06-23,1,45
E10,HEX,,'06-23,2,45
E11,HEX,,'06-31,1,45
E12,HEX,,'06-31,2,45
F01,HEX,,'05-71,1,36.48357311
F02,HEX,,'05-71,2,34.63132337
F03,HEX,,'05-79,1,45
F04,HEX,,'05-79,2,45
F05,HEX,,'06-06,1,45
F06,HEX,,'06-06,2,45
F07,HEX,,'06-14,1,45
F08,HEX,,'06-14,2,45
F09,HEX,,'06-22,1,45
F10,HEX,,'06-22,2,45
F11,HEX,,'06-30,1,45
F12,HEX,,'06-30,2,45
G01,HEX,,'05-70,1,45
G02,HEX,,'05-70,2,45
G03,HEX,,'05-78,1,45
G04,HEX,,'05-78,2,45
G05,HEX,,'06-05,1,45
G06,HEX,,'06-05,2,45
G07,HEX,,'06-13,1,45
G08,HEX,,'06-13,2,45
G09,HEX,,"Bd+FV3 10_5,5",1,25.81055647
G10,HEX,,"Bd+FV3 10_2,2",1,35.72795205
G11,HEX,,"Bd+FV3 10_1,1",1,36.46913249
G12,HEX,,NTC,1,45
H01,HEX,,'05-69,1,45
H02,HEX,,'05-69,2,45
H03,HEX,,'05-77,1,45
H04,HEX,,'05-77,2,45
H05,HEX,,'06-04,1,45
H06,HEX,,'06-04,2,45
H07,HEX,,'06-12,1,45
H08,HEX,,'06-12,2,45
H09,HEX,,"Bd+FV3 10_5,5",2,25.56653906
H10,HEX,,"Bd+FV3 10_2,2",2,36.30505729
H11,HEX,,"Bd+FV3 10_1,1",2,35.69982884
H12,HEX,,NTC,2,45
A01,FAM,,'06-43,1,45
A02,FAM,,'06-43,2,45
A03,FAM,,'06-51,1,45
A04,FAM,,'06-51,2,45
A05,FAM,,'06-59,1,39.41996309
A06,FAM,,'06-59,2,39.53312932
A07,FAM,,'06-67,1,45
A08,FAM,,'06-67,2,45
A09,FAM,,'06-75,1,45
A10,FAM,,'06-75,2,45
A11,FAM,,'06-77,1,45
A12,FAM,,'06-77,2,45
B01,FAM,,'06-42,1,45
B02,FAM,,'06-42,2,45
B03,FAM,,'06-50,1,45
B04,FAM,,'06-50,2,45
B05,FAM,,'06-58,1,45
B06,FAM,,'06-58,2,45
B07,FAM,,'06-66,1,45
B08,FAM,,'06-66,2,45
B09,FAM,,'06-74,1,45
B10,FAM,,'06-74,2,45
B11,FAM,,'06-78,1,45
B12,FAM,,'06-78,2,45
C01,FAM,,'06-41,1,45
C02,FAM,,'06-41,2,45
C03,FAM,,'06-49,1,45
C04,FAM,,'06-49,2,45
C05,FAM,,'06-57,1,45
C06,FAM,,'06-57,2,45
C07,FAM,,'06-65,1,29.18340495
C08,FAM,,'06-65,2,29.14672611
C09,FAM,,'06-73,1,45
C10,FAM,,'06-73,2,45
C11,FAM,,'06-79,1,45
C12,FAM,,'06-79,2,45
D01,FAM,,'06-40,1,45
D02,FAM,,'06-40,2,45
D03,FAM,,'06-48,1,45
D04,FAM,,'06-48,2,45
D05,FAM,,'06-56,1,37.44880108
D06,FAM,,'06-56,2,39.34018481
D07,FAM,,'06-64,1,45
D08,FAM,,'06-64,2,45
D09,FAM,,'06-72,1,45
D10,FAM,,'06-72,2,45
D11,FAM,,'06-80,1,45
D12,FAM,,'06-80,2,45
E01,FAM,,'06-39,1,45
E02,FAM,,'06-39,2,45
E03,FAM,,'06-47,1,45
E04,FAM,,'06-47,2,45
E05,FAM,,'06-55,1,32.84894927
E06,FAM,,'06-55,2,34.85091381
E07,FAM,,'06-63,1,45
E08,FAM,,'06-63,2,45
E09,FAM,,'06-71,1,45
E10,FAM,,'06-71,2,45
E11,FAM,,'06-81,1,29.5979667
E12,FAM,,'06-81,2,45
F01,FAM,,'06-38,1,45
F02,FAM,,'06-38,2,45
F03,FAM,,'06-46,1,45
F04,FAM,,'06-46,2,45
F05,FAM,,'06-54,1,45
F06,FAM,,'06-54,2,45
F07,FAM,,'06-62,1,45
F08,FAM,,'06-62,2,45
F09,FAM,,'06-70,1,45
F10,FAM,,'06-70,2,45
F11,FAM,,'07-01,1,45
F12,FAM,,'07-01,2,45
G01,FAM,,'06-37,1,40.2749708
G02,FAM,,'06-37,2,35.36253937
G03,FAM,,'06-45,1,45
G04,FAM,,'06-45,2,39.66938318
G05,FAM,,'06-53,1,31.2838198
G06,FAM,,'06-53,2,31.43446855
G07,FAM,,'06-61,1,45
G08,FAM,,'06-61,2,45
G09,FAM,,"Bd+FV3 10_5,5",1,23.74074681
G10,FAM,,"Bd+FV3 10_2,2",1,34.17544428
G11,FAM,,"Bd+FV3 10_1,1",1,34.45218205
G12,FAM,,NTC,1,45
H01,FAM,,'06-36,1,45
H02,FAM,,'06-36,2,45
H03,FAM,,'06-44,1,37.31473267
H04,FAM,,'06-44,2,39.01876263
H05,FAM,,'06-52,1,45
H06,FAM,,'06-52,2,45
H07,FAM,,'06-60,1,45
H08,FAM,,'06-60,2,45
H09,FAM,,"Bd+FV3 10_5,5",2,24.05763525
H10,FAM,,"Bd+FV3 10_2,2",2,35.48649691
H11,FAM,,"Bd+FV3 10_1,1",2,45
H12,FAM,,NTC,2,45
A01,HEX,,'06-43,1,45
A02,HEX,,'06-43,2,45
A03,HEX,,'06-51,1,45
A04,HEX,,'06-51,2,45
A05,HEX,,'06-59,1,45
A06,HEX,,'06-59,2,45
A07,HEX,,'06-67,1,45
A08,HEX,,'06-67,2,45
A09,HEX,,'06-75,1,45
A10,HEX,,'06-75,2,45
A11,HEX,,'06-77,1,45
A12,HEX,,'06-77,2,42.36134654
B01,HEX,,'06-42,1,38.8149415
B02,HEX,,'06-42,2,36.86932263
B03,HEX,,'06-50,1,45
B04,HEX,,'06-50,2,45
B05,HEX,,'06-58,1,45
B06,HEX,,'06-58,2,45
B07,HEX,,'06-66,1,42.72712317
B08,HEX,,'06-66,2,40.42161263
B09,HEX,,'06-74,1,45
B10,HEX,,'06-74,2,45
B11,HEX,,'06-78,1,45
B12,HEX,,'06-78,2,45
C01,HEX,,'06-41,1,45
C02,HEX,,'06-41,2,45
C03,HEX,,'06-49,1,45
C04,HEX,,'06-49,2,45
C05,HEX,,'06-57,1,45
C06,HEX,,'06-57,2,45
C07,HEX,,'06-65,1,45
C08,HEX,,'06-65,2,45
C09,HEX,,'06-73,1,45
C10,HEX,,'06-73,2,45
C11,HEX,,'06-79,1,45
C12,HEX,,'06-79,2,45
D01,HEX,,'06-40,1,45
D02,HEX,,'06-40,2,45
D03,HEX,,'06-48,1,45
D04,HEX,,'06-48,2,45
D05,HEX,,'06-56,1,45
D06,HEX,,'06-56,2,45
D07,HEX,,'06-64,1,45
D08,HEX,,'06-64,2,45
D09,HEX,,'06-72,1,45
D10,HEX,,'06-72,2,45
D11,HEX,,'06-80,1,45
D12,HEX,,'06-80,2,45
E01,HEX,,'06-39,1,45
E02,HEX,,'06-39,2,45
E03,HEX,,'06-47,1,45
E04,HEX,,'06-47,2,45
E05,HEX,,'06-55,1,42.01903217
E06,HEX,,'06-55,2,45
E07,HEX,,'06-63,1,45
E08,HEX,,'06-63,2,45
E09,HEX,,'06-71,1,45
E10,HEX,,'06-71,2,45
E11,HEX,,'06-81,1,45
E12,HEX,,'06-81,2,45
F01,HEX,,'06-38,1,45
F02,HEX,,'06-38,2,45
F03,HEX,,'06-46,1,45
F04,HEX,,'06-46,2,45
F05,HEX,,'06-54,1,45
F06,HEX,,'06-54,2,45
F07,HEX,,'06-62,1,45
F08,HEX,,'06-62,2,45
F09,HEX,,'06-70,1,45
F10,HEX,,'06-70,2,45
F11,HEX,,'07-01,1,45
F12,HEX,,'07-01,2,45
G01,HEX,,'06-37,1,45
G02,HEX,,'06-37,2,45
G03,HEX,,'06-45,1,45
G04,HEX,,'06-45,2,45
G05,HEX,,'06-53,1,29.19508959
G06,HEX,,'06-53,2,29.22966212
G07,HEX,,'06-61,1,45
G08,HEX,,'06-61,2,45
G09,HEX,,"Bd+FV3 10_5,5",1,24.03760886
G10,HEX,,"Bd+FV3 10_2,2",1,34.28208771
G11,HEX,,"Bd+FV3 10_1,1",1,34.10044092
G12,HEX,,NTC,1,45
H01,HEX,,'06-36,1,45
H02,HEX,,'06-36,2,45
H03,HEX,,'06-44,1,40.07988216
H04,HEX,,'06-44,2,45
H05,HEX,,'06-52,1,45
H06,HEX,,'06-52,2,45
H07,HEX,,'06-60,1,45
H08,HEX,,'06-60,2,45
H09,HEX,,"Bd+FV3 10_5,5",2,24.24802088
H10,HEX,,"Bd+FV3 10_2,2",2,35.46007645
H11,HEX,,"Bd+FV3 10_1,1",2,45
H12,HEX,,NTC,2,45
A01,FAM,,'06-21,1,45
A02,FAM,,'06-21,2,45
A03,FAM,,'07-04,1,45
A04,FAM,,'07-04,2,45
A05,FAM,,'07-12,1,45
A06,FAM,,'07-12,2,45
A07,FAM,,'07-20,1,45
A08,FAM,,'07-20,2,45
A09,FAM,,'07-28,1,45
A10,FAM,,'07-28,2,45
A11,FAM,,'07-36,1,45
A12,FAM,,'07-36,2,45
B01,FAM,,'06-20,1,45
B02,FAM,,'06-20,2,45
B03,FAM,,'07-05,1,45
B04,FAM,,'07-05,2,45
B05,FAM,,'07-13,1,45
B06,FAM,,'07-13,2,45
B07,FAM,,'07-21,1,45
B08,FAM,,'07-21,2,45
B09,FAM,,'07-29,1,45
B10,FAM,,'07-29,2,45
B11,FAM,,'07-37,1,45
B12,FAM,,'07-37,2,45
C01,FAM,,'06-29,1,45
C02,FAM,,'06-29,2,45
C03,FAM,,'07-06,1,34.26179827
C04,FAM,,'07-06,2,34.05941165
C05,FAM,,'07-14,1,45
C06,FAM,,'07-14,2,45
C07,FAM,,'07-22,1,45
C08,FAM,,'07-22,2,45
C09,FAM,,'07-30,1,45
C10,FAM,,'07-30,2,45
C11,FAM,,'07-38,1,45
C12,FAM,,'07-38,2,45
D01,FAM,,'06-28,1,45
D02,FAM,,'06-28,2,45
D03,FAM,,'07-07,1,45
D04,FAM,,'07-07,2,45
D05,FAM,,'07-15,1,45
D06,FAM,,'07-15,2,45
D07,FAM,,'07-23,1,45
D08,FAM,,'07-23,2,45
D09,FAM,,'07-31,1,45
D10,FAM,,'07-31,2,45
D11,FAM,,'07-39,1,40.07994879
D12,FAM,,'07-39,2,38.87257899
E01,FAM,,'06-69,1,45
E02,FAM,,'06-69,2,45
E03,FAM,,'07-08,1,45
E04,FAM,,'07-08,2,45
E05,FAM,,'07-16,1,45
E06,FAM,,'07-16,2,45
E07,FAM,,'07-24,1,45
E08,FAM,,'07-24,2,45
E09,FAM,,'07-32,1,38.76963712
E10,FAM,,'07-32,2,39.88172515
E11,FAM,,'07-40,1,45
E12,FAM,,'07-40,2,45
F01,FAM,,'06-68,1,45
F02,FAM,,'06-68,2,45
F03,FAM,,'07-09,1,45
F04,FAM,,'07-09,2,45
F05,FAM,,'07-17,1,45
F06,FAM,,'07-17,2,45
F07,FAM,,'07-25,1,45
F08,FAM,,'07-25,2,45
F09,FAM,,'07-33,1,45
F10,FAM,,'07-33,2,45
F11,FAM,,'07-41,1,45
F12,FAM,,'07-41,2,45
G01,FAM,,'07-02,1,45
G02,FAM,,'07-02,2,45
G03,FAM,,'07-10,1,25.6859598
G04,FAM,,'07-10,2,25.79860309
G05,FAM,,'07-18,1,45
G06,FAM,,'07-18,2,42.45648061
G07,FAM,,'07-26,1,33.45598032
G08,FAM,,'07-26,2,33.64670631
G09,FAM,,"Bd+FV3 10_5,5",1,25.22945185
G10,FAM,,"Bd+FV3 10_2,2",1,35.47260021
G11,FAM,,"Bd+FV3 10_1,1",1,45
G12,FAM,,NTC,1,45
H01,FAM,,'07-03,1,45
H02,FAM,,'07-03,2,45
H03,FAM,,'07-11,1,33.77189877
H04,FAM,,'07-11,2,34.52089712
H05,FAM,,'07-19,1,45
H06,FAM,,'07-19,2,45
H07,FAM,,'07-27,1,45
H08,FAM,,'07-27,2,45
H09,FAM,,"Bd+FV3 10_5,5",2,25.2872325
H10,FAM,,"Bd+FV3 10_2,2",2,35.94930302
H11,FAM,,"Bd+FV3 10_1,1",2,45
H12,FAM,,NTC,2,45
A01,HEX,,'06-21,1,45
A02,HEX,,'06-21,2,45
A03,HEX,,'07-04,1,45
A04,HEX,,'07-04,2,45
A05,HEX,,'07-12,1,45
A06,HEX,,'07-12,2,41.2114191
A07,HEX,,'07-20,1,45
A08,HEX,,'07-20,2,41.35565973
A09,HEX,,'07-28,1,45
A10,HEX,,'07-28,2,45
A11,HEX,,'07-36,1,45
A12,HEX,,'07-36,2,45
B01,HEX,,'06-20,1,45
B02,HEX,,'06-20,2,45
B03,HEX,,'07-05,1,45
B04,HEX,,'07-05,2,45
B05,HEX,,'07-13,1,40.61880837
B06,HEX,,'07-13,2,45
B07,HEX,,'07-21,1,40.05564623
B08,HEX,,'07-21,2,45
B09,HEX,,'07-29,1,45
B10,HEX,,'07-29,2,45
B11,HEX,,'07-37,1,45
B12,HEX,,'07-37,2,45
C01,HEX,,'06-29,1,45
C02,HEX,,'06-29,2,45
C03,HEX,,'07-06,1,45
C04,HEX,,'07-06,2,45
C05,HEX,,'07-14,1,34.26899579
C06,HEX,,'07-14,2,35.10822344
C07,HEX,,'07-22,1,45
C08,HEX,,'07-22,2,45
C09,HEX,,'07-30,1,45
C10,HEX,,'07-30,2,45
C11,HEX,,'07-38,1,45
C12,HEX,,'07-38,2,45
D01,HEX,,'06-28,1,45
D02,HEX,,'06-28,2,45
D03,HEX,,'07-07,1,45
D04,HEX,,'07-07,2,45
D05,HEX,,'07-15,1,45
D06,HEX,,'07-15,2,45
D07,HEX,,'07-23,1,45
D08,HEX,,'07-23,2,45
D09,HEX,,'07-31,1,45
D10,HEX,,'07-31,2,45
D11,HEX,,'07-39,1,45
D12,HEX,,'07-39,2,45
E01,HEX,,'06-69,1,45
E02,HEX,,'06-69,2,45
E03,HEX,,'07-08,1,45
E04,HEX,,'07-08,2,45
E05,HEX,,'07-16,1,45
E06,HEX,,'07-16,2,45
E07,HEX,,'07-24,1,45
E08,HEX,,'07-24,2,45
E09,HEX,,'07-32,1,45
E10,HEX,,'07-32,2,45
E11,HEX,,'07-40,1,45
E12,HEX,,'07-40,2,45
F01,HEX,,'06-68,1,44.57870227
F02,HEX,,'06-68,2,38.79933401
F03,HEX,,'07-09,1,45
F04,HEX,,'07-09,2,45
F05,HEX,,'07-17,1,45
F06,HEX,,'07-17,2,45
F07,HEX,,'07-25,1,45
F08,HEX,,'07-25,2,45
F09,HEX,,'07-33,1,45
F10,HEX,,'07-33,2,45
F11,HEX,,'07-41,1,45
F12,HEX,,'07-41,2,45
G01,HEX,,'07-02,1,45
G02,HEX,,'07-02,2,45
G03,HEX,,'07-10,1,45
G04,HEX,,'07-10,2,45
G05,HEX,,'07-18,1,45
G06,HEX,,'07-18,2,45
G07,HEX,,'07-26,1,45
G08,HEX,,'07-26,2,45
G09,HEX,,"Bd+FV3 10_5,5",1,25.57434646
G10,HEX,,"Bd+FV3 10_2,2",1,35.56503835
G11,HEX,,"Bd+FV3 10_1,1",1,40.27360163
G12,HEX,,NTC,1,45
H01,HEX,,'07-03,1,45
H02,HEX,,'07-03,2,45
H03,HEX,,'07-11,1,45
H04,HEX,,'07-11,2,45
H05,HEX,,'07-19,1,45
H06,HEX,,'07-19,2,45
H07,HEX,,'07-27,1,45
H08,HEX,,'07-27,2,45
H09,HEX,,"Bd+FV3 10_5,5",2,25.87160893
H10,HEX,,"Bd+FV3 10_2,2",2,35.81386324
H11,HEX,,"Bd+FV3 10_1,1",2,45
H12,HEX,,NTC,2,45
A01,FAM,,'07-44,1,45
A02,FAM,,'07-44,2,45
A03,FAM,,'07-52,1,45
A04,FAM,,'07-52,2,45
A05,FAM,,'07-60,1,45
A06,FAM,,'07-60,2,45
A07,FAM,,'07-68,1,45
A08,FAM,,'07-68,2,45
A09,FAM,,'07-76,1,45
A10,FAM,,'07-76,2,45
A11,FAM,,'08-03,1,45
A12,FAM,,'08-03,2,45
B01,FAM,,'07-45,1,45
B02,FAM,,'07-45,2,45
B03,FAM,,'07-53,1,38.70897922
B04,FAM,,'07-53,2,38.0581888
B05,FAM,,'07-61,1,45
B06,FAM,,'07-61,2,45
B07,FAM,,'07-69,1,45
B08,FAM,,'07-69,2,45
B09,FAM,,'07-77,1,45
B10,FAM,,'07-77,2,45
B11,FAM,,'08-04,1,45
B12,FAM,,'08-04,2,45
C01,FAM,,'07-46,1,45
C02,FAM,,'07-46,2,45
C03,FAM,,'07-54,1,45
C04,FAM,,'07-54,2,45
C05,FAM,,'07-62,1,45
C06,FAM,,'07-62,2,45
C07,FAM,,'07-70,1,45
C08,FAM,,'07-70,2,45
C09,FAM,,'07-78,1,45
C10,FAM,,'07-78,2,45
C11,FAM,,'08-05,1,45
C12,FAM,,'08-05,2,45
D01,FAM,,'07-47,1,45
D02,FAM,,'07-47,2,45
D03,FAM,,'07-55,1,45
D04,FAM,,'07-55,2,45
D05,FAM,,'07-63,1,45
D06,FAM,,'07-63,2,45
D07,FAM,,'07-71,1,36.06624351
D08,FAM,,'07-71,2,36.59519881
D09,FAM,,'07-79,1,45
D10,FAM,,'07-79,2,45
D11,FAM,,'08-06,1,45
D12,FAM,,'08-06,2,45
E01,FAM,,'07-48,1,45
E02,FAM,,'07-48,2,45
E03,FAM,,'07-56,1,45
E04,FAM,,'07-56,2,45
E05,FAM,,'07-64,1,45
E06,FAM,,'07-64,2,45
E07,FAM,,'07-72,1,45
E08,FAM,,'07-72,2,45
E09,FAM,,'07-80,1,45
E10,FAM,,'07-80,2,45
E11,FAM,,'08-07,1,45
E12,FAM,,'08-07,2,45
F01,FAM,,'07-49,1,45
F02,FAM,,'07-49,2,45
F03,FAM,,'07-57,1,45
F04,FAM,,'07-57,2,45
F05,FAM,,'07-65,1,39.16093378
F06,FAM,,'07-65,2,38.96537991
F07,FAM,,'07-73,1,45
F08,FAM,,'07-73,2,45
F09,FAM,,'07-81,1,45
F10,FAM,,'07-81,2,45
F11,FAM,,'08-08,1,45
F12,FAM,,'08-08,2,45
G01,FAM,,'07-50,1,45
G02,FAM,,'07-50,2,45
G03,FAM,,'07-58,1,45
G04,FAM,,'07-58,2,45
G05,FAM,,'07-66,1,45
G06,FAM,,'07-66,2,45
G07,FAM,,'07-74,1,45
G08,FAM,,'07-74,2,45
G09,FAM,,"Bd+FV3 10_5,5",1,25.17889207
G10,FAM,,"Bd+FV3 10_2,2",1,36.13527893
G11,FAM,,"Bd+FV3 10_1,1",1,45
G12,FAM,,NTC,1,45
H01,FAM,,'07-51,1,45
H02,FAM,,'07-51,2,45
H03,FAM,,'07-59,1,45
H04,FAM,,'07-59,2,45
H05,FAM,,'07-67,1,45
H06,FAM,,'07-67,2,45
H07,FAM,,'07-75,1,45
H08,FAM,,'07-75,2,45
H09,FAM,,"Bd+FV3 10_5,5",1,25.47805354
H10,FAM,,"Bd+FV3 10_2,2",1,35.7480501
H11,FAM,,"Bd+FV3 10_1,1",1,38.05432727
H12,FAM,,NTC,1,45
A01,HEX,,'07-44,1,45
A02,HEX,,'07-44,2,45
A03,HEX,,'07-52,1,45
A04,HEX,,'07-52,2,45
A05,HEX,,'07-60,1,45
A06,HEX,,'07-60,2,45
A07,HEX,,'07-68,1,45
A08,HEX,,'07-68,2,45
A09,HEX,,'07-76,1,45
A10,HEX,,'07-76,2,45
A11,HEX,,'08-03,1,45
A12,HEX,,'08-03,2,38.39065625
B01,HEX,,'07-45,1,45
B02,HEX,,'07-45,2,45
B03,HEX,,'07-53,1,45
B04,HEX,,'07-53,2,45
B05,HEX,,'07-61,1,45
B06,HEX,,'07-61,2,45
B07,HEX,,'07-69,1,45
B08,HEX,,'07-69,2,45
B09,HEX,,'07-77,1,35.92507441
B10,HEX,,'07-77,2,36.2960989
B11,HEX,,'08-04,1,37.33160305
B12,HEX,,'08-04,2,38.77224845
C01,HEX,,'07-46,1,45
C02,HEX,,'07-46,2,45
C03,HEX,,'07-54,1,45
C04,HEX,,'07-54,2,45
C05,HEX,,'07-62,1,45
C06,HEX,,'07-62,2,45
C07,HEX,,'07-70,1,45
C08,HEX,,'07-70,2,45
C09,HEX,,'07-78,1,18.99977494
C10,HEX,,'07-78,2,18.40570883
C11,HEX,,'08-05,1,45
C12,HEX,,'08-05,2,37.34811936
D01,HEX,,'07-47,1,45
D02,HEX,,'07-47,2,45
D03,HEX,,'07-55,1,45
D04,HEX,,'07-55,2,45
D05,HEX,,'07-63,1,45
D06,HEX,,'07-63,2,45
D07,HEX,,'07-71,1,45
D08,HEX,,'07-71,2,45
D09,HEX,,'07-79,1,36.5422168
D10,HEX,,'07-79,2,35.14748616
D11,HEX,,'08-06,1,45
D12,HEX,,'08-06,2,45
E01,HEX,,'07-48,1,45
E02,HEX,,'07-48,2,45
E03,HEX,,'07-56,1,45
E04,HEX,,'07-56,2,45
E05,HEX,,'07-64,1,45
E06,HEX,,'07-64,2,45
E07,HEX,,'07-72,1,45
E08,HEX,,'07-72,2,45
E09,HEX,,'07-80,1,36.09538906
E10,HEX,,'07-80,2,35.72463516
E11,HEX,,'08-07,1,45
E12,HEX,,'08-07,2,45
F01,HEX,,'07-49,1,45
F02,HEX,,'07-49,2,45
F03,HEX,,'07-57,1,45
F04,HEX,,'07-57,2,45
F05,HEX,,'07-65,1,45
F06,HEX,,'07-65,2,45
F07,HEX,,'07-73,1,45
F08,HEX,,'07-73,2,45
F09,HEX,,'07-81,1,30.36419124
F10,HEX,,'07-81,2,30.53791091
F11,HEX,,'08-08,1,45
F12,HEX,,'08-08,2,45
G01,HEX,,'07-50,1,45
G02,HEX,,'07-50,2,45
G03,HEX,,'07-58,1,45
G04,HEX,,'07-58,2,45
G05,HEX,,'07-66,1,45
G06,HEX,,'07-66,2,45
G07,HEX,,'07-74,1,38.66788942
G08,HEX,,'07-74,2,36.10714402
G09,HEX,,"Bd+FV3 10_5,5",1,25.38121418
G10,HEX,,"Bd+FV3 10_2,2",1,36.38054189
G11,HEX,,"Bd+FV3 10_1,1",1,39.96686622
G12,HEX,,NTC,1,45
H01,HEX,,'07-51,1,45
H02,HEX,,'07-51,2,45
H03,HEX,,'07-59,1,45
H04,HEX,,'07-59,2,45
H05,HEX,,'07-67,1,45
H06,HEX,,'07-67,2,45
H07,HEX,,'07-75,1,38.55173011
H08,HEX,,'07-75,2,37.27477015
H09,HEX,,"Bd+FV3 10_5,5",1,25.72398437
H10,HEX,,"Bd+FV3 10_2,2",1,35.9249708
H11,HEX,,"Bd+FV3 10_1,1",1,38.16749084
H12,HEX,,NTC,1,45
A01,FAM,,''08-41,1,45
A02,FAM,,''08-42,1,45
A03,FAM,,''09-18,1,45
A04,FAM,,''09-18,2,40.09549967
A05,FAM,,''09-27,1,45
A06,FAM,,''09-27,2,45
A07,FAM,,''09-35,1,45
A08,FAM,,''09-35,2,45
A09,FAM,,''09-43,1,45
A10,FAM,,''09-43,2,45
A11,FAM,,''09-51,1,45
A12,FAM,,''09-51,2,45
B01,FAM,,''08-41,2,45
B02,FAM,,''08-42,2,45
B03,FAM,,''09-19,1,45
B04,FAM,,''09-19,2,45
B05,FAM,,''09-28,1,45
B06,FAM,,''09-28,2,45
B07,FAM,,''09-36,1,45
B08,FAM,,''09-36,2,45
B09,FAM,,''09-44,1,45
B10,FAM,,''09-44,2,44.54950291
B11,FAM,,''09-52,1,45
B12,FAM,,''09-52,2,45
C01,FAM,,''08-49,1,45
C02,FAM,,''08-50,1,45
C03,FAM,,''09-20,1,45
C04,FAM,,''09-20,2,45
C05,FAM,,''09-29,1,45
C06,FAM,,''09-29,2,45
C07,FAM,,''09-37,1,45
C08,FAM,,''09-37,2,45
C09,FAM,,''09-45,1,45
C10,FAM,,''09-45,2,45
C11,FAM,,''09-53,1,35.2772749
C12,FAM,,''09-53,2,34.72500675
D01,FAM,,''08-49,2,45
D02,FAM,,''08-50,2,45
D03,FAM,,''09-21,1,45
D04,FAM,,''09-21,2,45
D05,FAM,,''09-30,1,45
D06,FAM,,''09-30,2,45
D07,FAM,,''09-38,1,45
D08,FAM,,''09-38,2,45
D09,FAM,,''09-46,1,45
D10,FAM,,''09-46,2,45
D11,FAM,,''09-54,1,45
D12,FAM,,''09-54,2,45
E01,FAM,,''09-08,1,45
E02,FAM,,''09-08,2,45
E03,FAM,,''09-22,1,45
E04,FAM,,''09-22,2,45
E05,FAM,,''09-31,1,45
E06,FAM,,''09-31,2,45
E07,FAM,,''09-39,1,45
E08,FAM,,''09-39,2,45
E09,FAM,,''09-47,1,45
E10,FAM,,''09-47,2,45
E11,FAM,,''09-55,1,45
E12,FAM,,''09-55,2,40.90810251
F01,FAM,,''09-09,1,45
F02,FAM,,''09-09,2,45
F03,FAM,,''09-23,1,45
F04,FAM,,''09-23,2,45
F05,FAM,,''09-32,1,45
F06,FAM,,''09-32,2,45
F07,FAM,,''09-40,1,45
F08,FAM,,''09-40,2,45
F09,FAM,,''09-48,1,45
F10,FAM,,''09-48,2,45
F11,FAM,,''09-56,1,45
F12,FAM,,''09-56,2,45
G01,FAM,,''09-16,1,45
G02,FAM,,''09-16,2,45
G03,FAM,,''09-24,1,45
G04,FAM,,''09-24,2,45
G05,FAM,,''09-33,1,45
G06,FAM,,''09-33,2,45
G07,FAM,,''09-41,1,45
G08,FAM,,''09-41,2,45
G09,FAM,,"Bd+FV3 10_5,5",1,24.39972559
G10,FAM,,"Bd+FV3 10_2,2",1,34.53130117
G11,FAM,,"Bd+FV3 10_1,1",1,35.3646932
G12,FAM,,NTC,1,45
H01,FAM,,''09-17,1,36.24076717
H02,FAM,,''09-17,2,37.6946661
H03,FAM,,''09-25,1,45
H04,FAM,,''09-25,2,45
H05,FAM,,''09-34,1,45
H06,FAM,,''09-34,2,45
H07,FAM,,''09-42,1,36.81131153
H08,FAM,,''09-42,2,36.00399058
H09,FAM,,"Bd+FV3 10_5,5",2,24.1741922
H10,FAM,,"Bd+FV3 10_2,2",2,34.71586879
H11,FAM,,"Bd+FV3 10_1,1",2,36.15048965
H12,FAM,,NTC,2,45
A01,HEX,,''08-41,1,45
A02,HEX,,''08-42,1,45
A03,HEX,,''09-18,1,45
A04,HEX,,''09-18,2,45
A05,HEX,,''09-27,1,45
A06,HEX,,''09-27,2,45
A07,HEX,,''09-35,1,45
A08,HEX,,''09-35,2,45
A09,HEX,,''09-43,1,45
A10,HEX,,''09-43,2,45
A11,HEX,,''09-51,1,45
A12,HEX,,''09-51,2,45
B01,HEX,,''08-41,2,45
B02,HEX,,''08-42,2,45
B03,HEX,,''09-19,1,45
B04,HEX,,''09-19,2,45
B05,HEX,,''09-28,1,45
B06,HEX,,''09-28,2,45
B07,HEX,,''09-36,1,45
B08,HEX,,''09-36,2,45
B09,HEX,,''09-44,1,45
B10,HEX,,''09-44,2,45
B11,HEX,,''09-52,1,45
B12,HEX,,''09-52,2,45
C01,HEX,,''08-49,1,45
C02,HEX,,''08-50,1,45
C03,HEX,,''09-20,1,45
C04,HEX,,''09-20,2,45
C05,HEX,,''09-29,1,45
C06,HEX,,''09-29,2,45
C07,HEX,,''09-37,1,45
C08,HEX,,''09-37,2,45
C09,HEX,,''09-45,1,45
C10,HEX,,''09-45,2,45
C11,HEX,,''09-53,1,45
C12,HEX,,''09-53,2,41.76597821
D01,HEX,,''08-49,2,45
D02,HEX,,''08-50,2,45
D03,HEX,,''09-21,1,45
D04,HEX,,''09-21,2,45
D05,HEX,,''09-30,1,45
D06,HEX,,''09-30,2,45
D07,HEX,,''09-38,1,45
D08,HEX,,''09-38,2,45
D09,HEX,,''09-46,1,45
D10,HEX,,''09-46,2,45
D11,HEX,,''09-54,1,45
D12,HEX,,''09-54,2,45
E01,HEX,,''09-08,1,45
E02,HEX,,''09-08,2,45
E03,HEX,,''09-22,1,45
E04,HEX,,''09-22,2,45
E05,HEX,,''09-31,1,45
E06,HEX,,''09-31,2,45
E07,HEX,,''09-39,1,45
E08,HEX,,''09-39,2,43.96324845
E09,HEX,,''09-47,1,45
E10,HEX,,''09-47,2,45
E11,HEX,,''09-55,1,20.45935894
E12,HEX,,''09-55,2,20.32737963
F01,HEX,,''09-09,1,45
F02,HEX,,''09-09,2,45
F03,HEX,,''09-23,1,45
F04,HEX,,''09-23,2,45
F05,HEX,,''09-32,1,45
F06,HEX,,''09-32,2,45
F07,HEX,,''09-40,1,45
F08,HEX,,''09-40,2,45
F09,HEX,,''09-48,1,45
F10,HEX,,''09-48,2,45
F11,HEX,,''09-56,1,41.40861729
F12,HEX,,''09-56,2,45
G01,HEX,,''09-16,1,45
G02,HEX,,''09-16,2,45
G03,HEX,,''09-24,1,45
G04,HEX,,''09-24,2,45
G05,HEX,,''09-33,1,45
G06,HEX,,''09-33,2,45
G07,HEX,,''09-41,1,45
G08,HEX,,''09-41,2,45
G09,HEX,,"Bd+FV3 10_5,5",1,25.62440306
G10,HEX,,"Bd+FV3 10_2,2",1,35.32184268
G11,HEX,,"Bd+FV3 10_1,1",1,35.83200635
G12,HEX,,NTC,1,45
H01,HEX,,''09-17,1,45
H02,HEX,,''09-17,2,40.87780164
H03,HEX,,''09-25,1,45
H04,HEX,,''09-25,2,45
H05,HEX,,''09-34,1,45
H06,HEX,,''09-34,2,45
H07,HEX,,''09-42,1,45
H08,HEX,,''09-42,2,45
H09,HEX,,"Bd+FV3 10_5,5",2,25.10670442
H10,HEX,,"Bd+FV3 10_2,2",2,35.42627708
H11,HEX,,"Bd+FV3 10_1,1",2,36.51836628
H12,HEX,,NTC,2,45
A01,FAM,,'07-34,1,45
A02,FAM,,'07-34,2,45
A03,FAM,,'08-11,1,45
A04,FAM,,'08-11,2,45
A05,FAM,,'08-19,1,45
A06,FAM,,'08-19,2,45
A07,FAM,,'08-27,1,45
A08,FAM,,'08-27,2,45
A09,FAM,,'08-35,1,45
A10,FAM,,'08-35,2,45
A11,FAM,,'08-43,1,45
A12,FAM,,'08-43,2,45
B01,FAM,,'07-35,1,45
B02,FAM,,'07-35,2,41.53070114
B03,FAM,,'08-12,1,45
B04,FAM,,'08-12,2,45
B05,FAM,,'08-20,1,45
B06,FAM,,'08-20,2,45
B07,FAM,,'08-28,1,45
B08,FAM,,'08-28,2,45
B09,FAM,,'08-36,1,45
B10,FAM,,'08-36,2,45
B11,FAM,,'08-44,1,45
B12,FAM,,'08-44,2,45
C01,FAM,,'07-42,1,45
C02,FAM,,'07-42,2,45
C03,FAM,,'08-13,1,45
C04,FAM,,'08-13,2,45
C05,FAM,,'08-21,1,45
C06,FAM,,'08-21,2,45
C07,FAM,,'08-29,1,45
C08,FAM,,'08-29,2,45
C09,FAM,,'08-37,1,45
C10,FAM,,'08-37,2,45
C11,FAM,,'08-45,1,45
C12,FAM,,'08-45,2,45
D01,FAM,,'07-43,1,38.81082191
D02,FAM,,'07-43,2,37.71292889
D03,FAM,,'08-14,1,45
D04,FAM,,'08-14,2,45
D05,FAM,,'08-22,1,45
D06,FAM,,'08-22,2,45
D07,FAM,,'08-30,1,45
D08,FAM,,'08-30,2,45
D09,FAM,,'08-38,1,45
D10,FAM,,'08-38,2,45
D11,FAM,,'08-46,1,45
D12,FAM,,'08-46,2,45
E01,FAM,,'08-01,1,45
E02,FAM,,'08-01,2,45
E03,FAM,,'08-15,1,45
E04,FAM,,'08-15,2,45
E05,FAM,,'08-23,1,45
E06,FAM,,'08-23,2,45
E07,FAM,,'08-31,1,45
E08,FAM,,'08-31,2,45
E09,FAM,,'08-39,1,45
E10,FAM,,'08-39,2,45
E11,FAM,,'08-47,1,45
E12,FAM,,'08-47,2,45
F01,FAM,,'08-02,1,45
F02,FAM,,'08-02,2,45
F03,FAM,,'08-16,1,38.80075867
F04,FAM,,'08-16,2,37.90289574
F05,FAM,,'08-24,1,45
F06,FAM,,'08-24,2,45
F07,FAM,,'08-32,1,45
F08,FAM,,'08-32,2,45
F09,FAM,,'08-40,1,37.10950433
F10,FAM,,'08-40,2,36.57741245
F11,FAM,,'08-48,1,45
F12,FAM,,'08-48,2,45
G01,FAM,,'08-09,1,45
G02,FAM,,'08-09,2,45
G03,FAM,,'08-17,1,45
G04,FAM,,'08-17,2,45
G05,FAM,,'08-25,1,40.5096576
G06,FAM,,'08-25,2,39.95410036
G07,FAM,,'08-33,1,45
G08,FAM,,'08-33,2,45
G09,FAM,,"Bd+FV3 10_5,5",1,25.15273061
G10,FAM,,"Bd+FV3 10_2,2",1,35.54987095
G11,FAM,,"Bd+FV3 10_1,1",1,37.51365762
G12,FAM,,NTC,1,45
H01,FAM,,'08-10,1,45
H02,FAM,,'08-10,2,45
H03,FAM,,'08-18,1,45
H04,FAM,,'08-18,2,38.40805239
H05,FAM,,'08-26,1,45
H06,FAM,,'08-26,2,45
H07,FAM,,'08-34,1,45
H08,FAM,,'08-34,2,45
H09,FAM,,"Bd+FV3 10_5,5",2,25.21998343
H10,FAM,,"Bd+FV3 10_2,2",2,35.77768113
H11,FAM,,"Bd+FV3 10_1,1",2,36.61592974
H12,FAM,,NTC,2,45
A01,HEX,,'07-34,1,45
A02,HEX,,'07-34,2,45
A03,HEX,,'08-11,1,45
A04,HEX,,'08-11,2,45
A05,HEX,,'08-19,1,45
A06,HEX,,'08-19,2,45
A07,HEX,,'08-27,1,45
A08,HEX,,'08-27,2,45
A09,HEX,,'08-35,1,45
A10,HEX,,'08-35,2,45
A11,HEX,,'08-43,1,45
A12,HEX,,'08-43,2,45
B01,HEX,,'07-35,1,45
B02,HEX,,'07-35,2,45
B03,HEX,,'08-12,1,45
B04,HEX,,'08-12,2,45
B05,HEX,,'08-20,1,45
B06,HEX,,'08-20,2,45
B07,HEX,,'08-28,1,45
B08,HEX,,'08-28,2,45
B09,HEX,,'08-36,1,45
B10,HEX,,'08-36,2,45
B11,HEX,,'08-44,1,45
B12,HEX,,'08-44,2,45
C01,HEX,,'07-42,1,45
C02,HEX,,'07-42,2,45
C03,HEX,,'08-13,1,45
C04,HEX,,'08-13,2,45
C05,HEX,,'08-21,1,45
C06,HEX,,'08-21,2,45
C07,HEX,,'08-29,1,45
C08,HEX,,'08-29,2,45
C09,HEX,,'08-37,1,45
C10,HEX,,'08-37,2,45
C11,HEX,,'08-45,1,45
C12,HEX,,'08-45,2,45
D01,HEX,,'07-43,1,45
D02,HEX,,'07-43,2,45
D03,HEX,,'08-14,1,45
D04,HEX,,'08-14,2,45
D05,HEX,,'08-22,1,45
D06,HEX,,'08-22,2,45
D07,HEX,,'08-30,1,45
D08,HEX,,'08-30,2,45
D09,HEX,,'08-38,1,45
D10,HEX,,'08-38,2,45
D11,HEX,,'08-46,1,45
D12,HEX,,'08-46,2,45
E01,HEX,,'08-01,1,36.20618358
E02,HEX,,'08-01,2,35.33108772
E03,HEX,,'08-15,1,45
E04,HEX,,'08-15,2,45
E05,HEX,,'08-23,1,45
E06,HEX,,'08-23,2,45
E07,HEX,,'08-31,1,45
E08,HEX,,'08-31,2,45
E09,HEX,,'08-39,1,45
E10,HEX,,'08-39,2,45
E11,HEX,,'08-47,1,45
E12,HEX,,'08-47,2,45
F01,HEX,,'08-02,1,45
F02,HEX,,'08-02,2,38.04091815
F03,HEX,,'08-16,1,45
F04,HEX,,'08-16,2,45
F05,HEX,,'08-24,1,45
F06,HEX,,'08-24,2,45
F07,HEX,,'08-32,1,45
F08,HEX,,'08-32,2,45
F09,HEX,,'08-40,1,45
F10,HEX,,'08-40,2,45
F11,HEX,,'08-48,1,45
F12,HEX,,'08-48,2,45
G01,HEX,,'08-09,1,45
G02,HEX,,'08-09,2,45
G03,HEX,,'08-17,1,45
G04,HEX,,'08-17,2,45
G05,HEX,,'08-25,1,45
G06,HEX,,'08-25,2,45
G07,HEX,,'08-33,1,45
G08,HEX,,'08-33,2,45
G09,HEX,,"Bd+FV3 10_5,5",1,24.93649669
G10,HEX,,"Bd+FV3 10_2,2",1,34.84519118
G11,HEX,,"Bd+FV3 10_1,1",1,36.22741212
G12,HEX,,NTC,1,45
H01,HEX,,'08-10,1,45
H02,HEX,,'08-10,2,45
H03,HEX,,'08-18,1,45
H04,HEX,,'08-18,2,45
H05,HEX,,'08-26,1,45
H06,HEX,,'08-26,2,45
H07,HEX,,'08-34,1,45
H08,HEX,,'08-34,2,45
H09,HEX,,"Bd+FV3 10_5,5",2,24.80745431
H10,HEX,,"Bd+FV3 10_2,2",2,35.02510713
H11,HEX,,"Bd+FV3 10_1,1",2,36.11232162
H12,HEX,,NTC,2,45
A01,FAM,,'08-51,1,45
A02,FAM,,'08-51,2,45
A03,FAM,,'08-59,1,45
A04,FAM,,'08-59,2,45
A05,FAM,,'08-67,1,45
A06,FAM,,'08-67,2,45
A07,FAM,,'08-75,1,45
A08,FAM,,'08-75,2,45
A09,FAM,,'09-02,1,45
A10,FAM,,'09-02,2,45
A11,FAM,,'09-10,1,45
A12,FAM,,'09-10,2,45
B01,FAM,,'08-52,1,45
B02,FAM,,'08-52,2,45
B03,FAM,,'08-60,1,45
B04,FAM,,'08-60,2,45
B05,FAM,,'08-68,1,45
B06,FAM,,'08-68,2,45
B07,FAM,,'08-76,1,45
B08,FAM,,'08-76,2,45
B09,FAM,,'09-03,1,45
B10,FAM,,'09-03,2,45
B11,FAM,,'09-11,1,36.63120295
B12,FAM,,'09-11,2,37.5528541
C01,FAM,,'08-53,1,45
C02,FAM,,'08-53,2,45
C03,FAM,,'08-61,1,45
C04,FAM,,'08-61,2,45
C05,FAM,,'08-69,1,45
C06,FAM,,'08-69,2,45
C07,FAM,,'08-77,1,45
C08,FAM,,'08-77,2,45
C09,FAM,,'09-04,1,45
C10,FAM,,'09-04,2,45
C11,FAM,,'09-12,1,36.71371948
C12,FAM,,'09-12,2,39.59282627
D01,FAM,,'08-54,1,45
D02,FAM,,'08-54,2,45
D03,FAM,,'08-62,1,45
D04,FAM,,'08-62,2,45
D05,FAM,,'08-70,1,45
D06,FAM,,'08-70,2,45
D07,FAM,,'08-78,1,38.51710151
D08,FAM,,'08-78,2,39.07278616
D09,FAM,,'09-05,1,45
D10,FAM,,'09-05,2,45
D11,FAM,,'09-13,1,31.00740873
D12,FAM,,'09-13,2,31.09179591
E01,FAM,,'08-55,1,45
E02,FAM,,'08-55,2,45
E03,FAM,,'08-63,1,45
E04,FAM,,'08-63,2,45
E05,FAM,,'08-71,1,45
E06,FAM,,'08-71,2,45
E07,FAM,,'08-79,1,45
E08,FAM,,'08-79,2,45
E09,FAM,,'09-06,1,45
E10,FAM,,'09-06,2,45
E11,FAM,,'09-14,1,45
E12,FAM,,'09-14,2,45
F01,FAM,,'08-56,1,45
F02,FAM,,'08-56,2,42.75337305
F03,FAM,,'08-64,1,45
F04,FAM,,'08-64,2,45
F05,FAM,,'08-72,1,45
F06,FAM,,'08-72,2,45
F07,FAM,,'08-80,1,45
F08,FAM,,'08-80,2,45
F09,FAM,,'09-07,1,45
F10,FAM,,'09-07,2,45
F11,FAM,,'09-15,1,40.45350734
F12,FAM,,'09-15,2,41.43971596
G01,FAM,,'08-57,1,45
G02,FAM,,'08-57,2,45
G03,FAM,,'08-65,1,45
G04,FAM,,'08-65,2,45
G05,FAM,,'08-73,1,45
G06,FAM,,'08-73,2,45
G07,FAM,,'08-81,1,45
G08,FAM,,'08-81,2,45
G09,FAM,,"Bd+FV3 10_5,5",1,24.71753525
G10,FAM,,"Bd+FV3 10_2,2",1,34.59815336
G11,FAM,,"Bd+FV3 10_1,1",1,45
G12,FAM,,NTC,1,45
H01,FAM,,'08-58,1,45
H02,FAM,,'08-58,2,45
H03,FAM,,'08-66,1,45
H04,FAM,,'08-66,2,45
H05,FAM,,'08-74,1,45
H06,FAM,,'08-74,2,45
H07,FAM,,'09-01,1,45
H08,FAM,,'09-01,2,45
H09,FAM,,"Bd+FV3 10_5,5",2,24.67335248
H10,FAM,,"Bd+FV3 10_2,2",2,35.00547191
H11,FAM,,"Bd+FV3 10_1,1",2,34.60005505
H12,FAM,,NTC,2,45
A01,HEX,,'08-51,1,45
A02,HEX,,'08-51,2,45
A03,HEX,,'08-59,1,45
A04,HEX,,'08-59,2,45
A05,HEX,,'08-67,1,45
A06,HEX,,'08-67,2,45
A07,HEX,,'08-75,1,45
A08,HEX,,'08-75,2,45
A09,HEX,,'09-02,1,45
A10,HEX,,'09-02,2,45
A11,HEX,,'09-10,1,41.05588236
A12,HEX,,'09-10,2,45
B01,HEX,,'08-52,1,45
B02,HEX,,'08-52,2,45
B03,HEX,,'08-60,1,45
B04,HEX,,'08-60,2,45
B05,HEX,,'08-68,1,45
B06,HEX,,'08-68,2,45
B07,HEX,,'08-76,1,45
B08,HEX,,'08-76,2,45
B09,HEX,,'09-03,1,45
B10,HEX,,'09-03,2,45
B11,HEX,,'09-11,1,45
B12,HEX,,'09-11,2,43.46478009
C01,HEX,,'08-53,1,45
C02,HEX,,'08-53,2,45
C03,HEX,,'08-61,1,45
C04,HEX,,'08-61,2,45
C05,HEX,,'08-69,1,45
C06,HEX,,'08-69,2,45
C07,HEX,,'08-77,1,45
C08,HEX,,'08-77,2,45
C09,HEX,,'09-04,1,45
C10,HEX,,'09-04,2,45
C11,HEX,,'09-12,1,45
C12,HEX,,'09-12,2,45
D01,HEX,,'08-54,1,45
D02,HEX,,'08-54,2,45
D03,HEX,,'08-62,1,45
D04,HEX,,'08-62,2,45
D05,HEX,,'08-70,1,45
D06,HEX,,'08-70,2,45
D07,HEX,,'08-78,1,45
D08,HEX,,'08-78,2,45
D09,HEX,,'09-05,1,45
D10,HEX,,'09-05,2,45
D11,HEX,,'09-13,1,45
D12,HEX,,'09-13,2,45
E01,HEX,,'08-55,1,45
E02,HEX,,'08-55,2,45
E03,HEX,,'08-63,1,45
E04,HEX,,'08-63,2,45
E05,HEX,,'08-71,1,45
E06,HEX,,'08-71,2,45
E07,HEX,,'08-79,1,45
E08,HEX,,'08-79,2,45
E09,HEX,,'09-06,1,45
E10,HEX,,'09-06,2,45
E11,HEX,,'09-14,1,45
E12,HEX,,'09-14,2,45
F01,HEX,,'08-56,1,45
F02,HEX,,'08-56,2,45
F03,HEX,,'08-64,1,45
F04,HEX,,'08-64,2,45
F05,HEX,,'08-72,1,45
F06,HEX,,'08-72,2,45
F07,HEX,,'08-80,1,45
F08,HEX,,'08-80,2,45
F09,HEX,,'09-07,1,45
F10,HEX,,'09-07,2,45
F11,HEX,,'09-15,1,45
F12,HEX,,'09-15,2,45
G01,HEX,,'08-57,1,45
G02,HEX,,'08-57,2,45
G03,HEX,,'08-65,1,45
G04,HEX,,'08-65,2,45
G05,HEX,,'08-73,1,45
G06,HEX,,'08-73,2,45
G07,HEX,,'08-81,1,45
G08,HEX,,'08-81,2,45
G09,HEX,,"Bd+FV3 10_5,5",1,26.30921055
G10,HEX,,"Bd+FV3 10_2,2",1,35.78217533
G11,HEX,,"Bd+FV3 10_1,1",1,45
G12,HEX,,NTC,1,45
H01,HEX,,'08-58,1,45
H02,HEX,,'08-58,2,45
H03,HEX,,'08-66,1,45
H04,HEX,,'08-66,2,45
H05,HEX,,'08-74,1,45
H06,HEX,,'08-74,2,45
H07,HEX,,'09-01,1,45
H08,HEX,,'09-01,2,45
H09,HEX,,"Bd+FV3 10_5,5",2,26.25918466
H10,HEX,,"Bd+FV3 10_2,2",2,36.53426736
H11,HEX,,"Bd+FV3 10_1,1",2,35.92760649
H12,HEX,,NTC,2,45
A01,FAM,,'09-59,1,45
A02,FAM,,'09-59,2,41.00248628
A03,FAM,,'09-67,1,45
A04,FAM,,'09-67,2,45
A05,FAM,,'09-75,1,45
A06,FAM,,'09-75,2,45
A07,FAM,,'10-02,1,45
A08,FAM,,'10-02,2,45
A09,FAM,,'10-10,1,41.88209064
A10,FAM,,'10-10,2,41.2914361
A11,FAM,,'10-18,1,31.71517442
A12,FAM,,'10-18,2,31.11768911
B01,FAM,,'09-60,1,45
B02,FAM,,'09-60,2,45
B03,FAM,,'09-68,1,45
B04,FAM,,'09-68,2,45
B05,FAM,,'09-76,1,45
B06,FAM,,'09-76,2,45
B07,FAM,,'10-03,1,45
B08,FAM,,'10-03,2,45
B09,FAM,,'10-11,1,45
B10,FAM,,'10-11,2,45
B11,FAM,,'10-19,1,45
B12,FAM,,'10-19,2,45
C01,FAM,,'09-61,1,45
C02,FAM,,'09-61,2,45
C03,FAM,,'09-69,1,45
C04,FAM,,'09-69,2,45
C05,FAM,,'09-77,1,45
C06,FAM,,'09-77,2,45
C07,FAM,,'10-04,1,45
C08,FAM,,'10-04,2,38.38802046
C09,FAM,,'10-12,1,45
C10,FAM,,'10-12,2,45
C11,FAM,,'10-20,1,45
C12,FAM,,'10-20,2,45
D01,FAM,,'09-62,1,44.59174977
D02,FAM,,'09-62,2,45
D03,FAM,,'09-70,1,45
D04,FAM,,'09-70,2,38.48059674
D05,FAM,,'09-78,1,45
D06,FAM,,'09-78,2,45
D07,FAM,,'10-05,1,45
D08,FAM,,'10-05,2,45
D09,FAM,,'10-13,1,38.96601575
D10,FAM,,'10-13,2,38.91073422
D11,FAM,,'10-21,1,29.08193482
D12,FAM,,'10-21,2,29.04980896
E01,FAM,,'09-63,1,35.59355451
E02,FAM,,'09-63,2,35.09562309
E03,FAM,,'09-71,1,45
E04,FAM,,'09-71,2,45
E05,FAM,,'09-79,1,45
E06,FAM,,'09-79,2,45
E07,FAM,,'10-06,1,45
E08,FAM,,'10-06,2,45
E09,FAM,,'10-14,1,45
E10,FAM,,'10-14,2,45
E11,FAM,,'10-22,1,45
E12,FAM,,'10-22,2,45
F01,FAM,,'09-64,1,45
F02,FAM,,'09-64,2,45
F03,FAM,,'09-72,1,45
F04,FAM,,'09-72,2,45
F05,FAM,,'09-80,1,45
F06,FAM,,'09-80,2,45
F07,FAM,,'10-07,1,45
F08,FAM,,'10-07,2,45
F09,FAM,,'10-15,1,45
F10,FAM,,'10-15,2,45
F11,FAM,,'10-23,1,45
F12,FAM,,'10-23,2,45
G01,FAM,,'09-65,1,45
G02,FAM,,'09-65,2,45
G03,FAM,,'09-73,1,45
G04,FAM,,'09-73,2,45
G05,FAM,,'09-81,1,45
G06,FAM,,'09-81,2,45
G07,FAM,,'10-08,1,45
G08,FAM,,'10-08,2,45
G09,FAM,,"Bd+FV3 10_5,5",1,24.78009703
G10,FAM,,"Bd+FV3 10_2,2",1,34.4610845
G11,FAM,,"Bd+FV3 10_1,1",1,34.59788317
G12,FAM,,NTC,1,45
H01,FAM,,'09-66,1,45
H02,FAM,,'09-66,2,45
H03,FAM,,'09-74,1,45
H04,FAM,,'09-74,2,45
H05,FAM,,'10-01,1,45
H06,FAM,,'10-01,2,45
H07,FAM,,'10-09,1,45
H08,FAM,,'10-09,2,32.00640992
H09,FAM,,"Bd+FV3 10_5,5",2,24.84796549
H10,FAM,,"Bd+FV3 10_2,2",2,35.56601063
H11,FAM,,"Bd+FV3 10_1,1",2,36.5911497
H12,FAM,,NTC,2,45
A01,HEX,,'09-59,1,36.46985726
A02,HEX,,'09-59,2,35.8289083
A03,HEX,,'09-67,1,45
A04,HEX,,'09-67,2,45
A05,HEX,,'09-75,1,45
A06,HEX,,'09-75,2,45
A07,HEX,,'10-02,1,45
A08,HEX,,'10-02,2,45
A09,HEX,,'10-10,1,45
A10,HEX,,'10-10,2,45
A11,HEX,,'10-18,1,30.4836
A12,HEX,,'10-18,2,29.76225061
B01,HEX,,'09-60,1,24.37581922
B02,HEX,,'09-60,2,24.25414048
B03,HEX,,'09-68,1,45
B04,HEX,,'09-68,2,45
B05,HEX,,'09-76,1,36.17087174
B06,HEX,,'09-76,2,35.69567656
B07,HEX,,'10-03,1,45
B08,HEX,,'10-03,2,45
B09,HEX,,'10-11,1,45
B10,HEX,,'10-11,2,45
B11,HEX,,'10-19,1,45
B12,HEX,,'10-19,2,37.33885001
C01,HEX,,'09-61,1,41.95594011
C02,HEX,,'09-61,2,38.04703137
C03,HEX,,'09-69,1,45
C04,HEX,,'09-69,2,45
C05,HEX,,'09-77,1,45
C06,HEX,,'09-77,2,45
C07,HEX,,'10-04,1,45
C08,HEX,,'10-04,2,45
C09,HEX,,'10-12,1,45
C10,HEX,,'10-12,2,45
C11,HEX,,'10-20,1,43.07924819
C12,HEX,,'10-20,2,45
D01,HEX,,'09-62,1,42.63477326
D02,HEX,,'09-62,2,45
D03,HEX,,'09-70,1,45
D04,HEX,,'09-70,2,45
D05,HEX,,'09-78,1,45
D06,HEX,,'09-78,2,45
D07,HEX,,'10-05,1,45
D08,HEX,,'10-05,2,45
D09,HEX,,'10-13,1,39.04437219
D10,HEX,,'10-13,2,45
D11,HEX,,'10-21,1,41.36807089
D12,HEX,,'10-21,2,45
E01,HEX,,'09-63,1,45
E02,HEX,,'09-63,2,45
E03,HEX,,'09-71,1,30.36636386
E04,HEX,,'09-71,2,30.28800722
E05,HEX,,'09-79,1,45
E06,HEX,,'09-79,2,45
E07,HEX,,'10-06,1,45
E08,HEX,,'10-06,2,45
E09,HEX,,'10-14,1,45
E10,HEX,,'10-14,2,37.86096426
E11,HEX,,'10-22,1,45
E12,HEX,,'10-22,2,45
F01,HEX,,'09-64,1,45
F02,HEX,,'09-64,2,45
F03,HEX,,'09-72,1,38.4400904
F04,HEX,,'09-72,2,45
F05,HEX,,'09-80,1,45
F06,HEX,,'09-80,2,45
F07,HEX,,'10-07,1,45
F08,HEX,,'10-07,2,45
F09,HEX,,'10-15,1,45
F10,HEX,,'10-15,2,45
F11,HEX,,'10-23,1,45
F12,HEX,,'10-23,2,45
G01,HEX,,'09-65,1,45
G02,HEX,,'09-65,2,45
G03,HEX,,'09-73,1,32.30193769
G04,HEX,,'09-73,2,31.34553384
G05,HEX,,'09-81,1,45
G06,HEX,,'09-81,2,45
G07,HEX,,'10-08,1,45
G08,HEX,,'10-08,2,45
G09,HEX,,"Bd+FV3 10_5,5",1,25.32393543
G10,HEX,,"Bd+FV3 10_2,2",1,35.14522374
G11,HEX,,"Bd+FV3 10_1,1",1,34.59383014
G12,HEX,,NTC,1,45
H01,HEX,,'09-66,1,37.71457983
H02,HEX,,'09-66,2,45
H03,HEX,,'09-74,1,45
H04,HEX,,'09-74,2,45
H05,HEX,,'10-01,1,45
H06,HEX,,'10-01,2,45
H07,HEX,,'10-09,1,45
H08,HEX,,'10-09,2,39.36422037
H09,HEX,,"Bd+FV3 10_5,5",2,25.2372496
H10,HEX,,"Bd+FV3 10_2,2",2,35.91851677
H11,HEX,,"Bd+FV3 10_1,1",2,36.33893876
H12,HEX,,NTC,2,45
A01,FAM,,'10-26,1,45
A02,FAM,,'10-26,2,45
A03,FAM,,'10-34,1,45
A04,FAM,,'10-34,2,45
A05,FAM,,'10-42,1,45
A06,FAM,,'10-42,2,45
A07,FAM,,'10-50,1,45
A08,FAM,,'10-50,2,45
A09,FAM,,'10-58,1,45
A10,FAM,,'10-58,2,45
A11,FAM,,'10-64,1,45
A12,FAM,,'10-64,2,45
B01,FAM,,'10-27,1,45
B02,FAM,,'10-27,2,45
B03,FAM,,'10-35,1,45
B04,FAM,,'10-35,2,45
B05,FAM,,'10-43,1,45
B06,FAM,,'10-43,2,45
B07,FAM,,'10-51,1,45
B08,FAM,,'10-51,2,45
B09,FAM,,'10-59,1,37.37309227
B10,FAM,,'10-59,2,35.59438445
B11,FAM,,'10-65,1,45
B12,FAM,,'10-65,2,45
C01,FAM,,'10-28,1,45
C02,FAM,,'10-28,2,45
C03,FAM,,'10-36,1,45
C04,FAM,,'10-36,2,45
C05,FAM,,'10-44,1,34.93336478
C06,FAM,,'10-44,2,36.46848955
C07,FAM,,'10-52,1,45
C08,FAM,,'10-52,2,45
C09,FAM,,'10-60,1,39.00200797
C10,FAM,,'10-60,2,45
C11,FAM,,'10-66,1,45
C12,FAM,,'10-66,2,45
D01,FAM,,'10-29,1,29.15190972
D02,FAM,,'10-29,2,29.25762278
D03,FAM,,'10-37,1,37.22967908
D04,FAM,,'10-37,2,36.16701191
D05,FAM,,'10-45,1,45
D06,FAM,,'10-45,2,45
D07,FAM,,'10-53,1,37.56327292
D08,FAM,,'10-53,2,45
D09,FAM,,'10-61,1,45
D10,FAM,,'10-61,2,45
D11,FAM,,'10-67,1,45
D12,FAM,,'10-67,2,45
E01,FAM,,'10-30,1,35.59264528
E02,FAM,,'10-30,2,35.94265111
E03,FAM,,'10-38,1,33.44223935
E04,FAM,,'10-38,2,33.34524623
E05,FAM,,'10-46,1,45
E06,FAM,,'10-46,2,45
E07,FAM,,'10-54,1,45
E08,FAM,,'10-54,2,45
E09,FAM,,'10-62,1,45
E10,FAM,,'10-62,2,45
E11,FAM,,'10-68,1,45
E12,FAM,,'10-68,2,45
F01,FAM,,'10-31,1,45
F02,FAM,,'10-31,2,45
F03,FAM,,'10-39,1,45
F04,FAM,,'10-39,2,45
F05,FAM,,'10-47,1,45
F06,FAM,,'10-47,2,45
F07,FAM,,'10-55,1,45
F08,FAM,,'10-55,2,45
F09,FAM,,'10-63,1,45
F10,FAM,,'10-63,2,45
F11,FAM,,'09-49,1,45
F12,FAM,,'09-49,2,45
G01,FAM,,'10-32,1,45
G02,FAM,,'10-32,2,45
G03,FAM,,'10-40,1,45
G04,FAM,,'10-40,2,45
G05,FAM,,'10-48,1,45
G06,FAM,,'10-48,2,45
G07,FAM,,'10-56,1,45
G08,FAM,,'10-56,2,45
G09,FAM,,"Bd+FV3 10_5,5",1,24.43275912
G10,FAM,,"Bd+FV3 10_2,2",1,34.91997571
G11,FAM,,"Bd+FV3 10_1,1",1,35.67250446
G12,FAM,,NTC,1,45
H01,FAM,,'10-33,1,45
H02,FAM,,'10-33,2,45
H03,FAM,,'10-41,1,45
H04,FAM,,'10-41,2,37.61521979
H05,FAM,,'10-49,1,45
H06,FAM,,'10-49,2,45
H07,FAM,,'10-57,1,45
H08,FAM,,'10-57,2,45
H09,FAM,,"Bd+FV3 10_5,5",2,24.35507801
H10,FAM,,"Bd+FV3 10_2,2",2,34.13927315
H11,FAM,,"Bd+FV3 10_1,1",2,34.49605243
H12,FAM,,NTC,2,13.10492764
A01,HEX,,'10-26,1,45
A02,HEX,,'10-26,2,45
A03,HEX,,'10-34,1,45
A04,HEX,,'10-34,2,45
A05,HEX,,'10-42,1,45
A06,HEX,,'10-42,2,45
A07,HEX,,'10-50,1,45
A08,HEX,,'10-50,2,45
A09,HEX,,'10-58,1,45
A10,HEX,,'10-58,2,45
A11,HEX,,'10-64,1,45
A12,HEX,,'10-64,2,45
B01,HEX,,'10-27,1,45
B02,HEX,,'10-27,2,45
B03,HEX,,'10-35,1,45
B04,HEX,,'10-35,2,45
B05,HEX,,'10-43,1,45
B06,HEX,,'10-43,2,45
B07,HEX,,'10-51,1,45
B08,HEX,,'10-51,2,45
B09,HEX,,'10-59,1,45
B10,HEX,,'10-59,2,45
B11,HEX,,'10-65,1,45
B12,HEX,,'10-65,2,45
C01,HEX,,'10-28,1,45
C02,HEX,,'10-28,2,45
C03,HEX,,'10-36,1,45
C04,HEX,,'10-36,2,45
C05,HEX,,'10-44,1,45
C06,HEX,,'10-44,2,45
C07,HEX,,'10-52,1,45
C08,HEX,,'10-52,2,45
C09,HEX,,'10-60,1,45
C10,HEX,,'10-60,2,45
C11,HEX,,'10-66,1,45
C12,HEX,,'10-66,2,45
D01,HEX,,'10-29,1,45
D02,HEX,,'10-29,2,45
D03,HEX,,'10-37,1,45
D04,HEX,,'10-37,2,45
D05,HEX,,'10-45,1,45
D06,HEX,,'10-45,2,45
D07,HEX,,'10-53,1,45
D08,HEX,,'10-53,2,45
D09,HEX,,'10-61,1,45
D10,HEX,,'10-61,2,45
D11,HEX,,'10-67,1,45
D12,HEX,,'10-67,2,45
E01,HEX,,'10-30,1,45
E02,HEX,,'10-30,2,45
E03,HEX,,'10-38,1,45
E04,HEX,,'10-38,2,45
E05,HEX,,'10-46,1,45
E06,HEX,,'10-46,2,45
E07,HEX,,'10-54,1,45
E08,HEX,,'10-54,2,45
E09,HEX,,'10-62,1,45
E10,HEX,,'10-62,2,45
E11,HEX,,'10-68,1,45
E12,HEX,,'10-68,2,45
F01,HEX,,'10-31,1,45
F02,HEX,,'10-31,2,45
F03,HEX,,'10-39,1,45
F04,HEX,,'10-39,2,45
F05,HEX,,'10-47,1,45
F06,HEX,,'10-47,2,45
F07,HEX,,'10-55,1,45
F08,HEX,,'10-55,2,45
F09,HEX,,'10-63,1,45
F10,HEX,,'10-63,2,45
F11,HEX,,'09-49,1,45
F12,HEX,,'09-49,2,45
G01,HEX,,'10-32,1,45
G02,HEX,,'10-32,2,45
G03,HEX,,'10-40,1,45
G04,HEX,,'10-40,2,45
G05,HEX,,'10-48,1,45
G06,HEX,,'10-48,2,45
G07,HEX,,'10-56,1,45
G08,HEX,,'10-56,2,45
G09,HEX,,"Bd+FV3 10_5,5",1,24.51771021
G10,HEX,,"Bd+FV3 10_2,2",1,33.97559827
G11,HEX,,"Bd+FV3 10_1,1",1,35.24580979
G12,HEX,,NTC,1,38.13884529
H01,HEX,,'10-33,1,45
H02,HEX,,'10-33,2,45
H03,HEX,,'10-41,1,45
H04,HEX,,'10-41,2,45
H05,HEX,,'10-49,1,45
H06,HEX,,'10-49,2,45
H07,HEX,,'10-57,1,45
H08,HEX,,'10-57,2,45
H09,HEX,,"Bd+FV3 10_5,5",2,24.25851618
H10,HEX,,"Bd+FV3 10_2,2",2,33.70373204
H11,HEX,,"Bd+FV3 10_1,1",2,32.65929595
H12,HEX,,NTC,2,45
A01,HEX,,'10-17,1,45
A02,HEX,,'10-17,2,45
A01,FAM,,'10-17,1,45
A02,FAM,,'10-17,2,45
B01,FAM,,'10-24,1,45
B02,FAM,,'10-24,2,45
B01,HEX,,'10-24,1,45
B02,HEX,,'10-24,2,45
C01,FAM,,'10-25,1,45
C02,FAM,,'10-25,2,45
C01,HEX,,'10-25,1,45
C02,HEX,,'10-25,2,45
A01,FAM,,'09-50,1,NaN
A02,FAM,,'09-50,2,NaN
A01,HEX,,'09-50,1,NaN
A02,HEX,,'09-50,2,NaN
B01,FAM,,'09-57,1,NaN
B02,FAM,,'09-57,2,NaN
B01,HEX,,'09-57,1,36.84650758
B02,HEX,,'09-57,2,34.99187094
C01,FAM,,'09-58,1,34.80091254
C02,FAM,,'09-58,2,34.41454865
C01,HEX,,'09-58,1,37.44589404
C02,HEX,,'09-58,2,38.3547279
D01,FAM,,'10-16,1,NaN
D02,FAM,,'10-16,2,NaN
D01,HEX,,'10-16,1,NaN
D02,HEX,,'10-16,2,37.74560171
